No,year,month,date,Discharge_CMS,Sed_Con_ppm,Sus_Load_MTDay,date_full,SSL_expected,flag
1,2023,1,6,8.69,725,554.41,2023-01-06,544.3416000000001,ok
2,2023,1,12,7.87,800,543.97,2023-01-12,543.9744000000001,ok
3,2023,2,7,3.28,0,0,2023-02-07,0,below_detection
4,2023,2,21,9.32,528,425.09,2023-02-21,425.170944,ok
5,2023,3,6,12.93,0,0,2023-03-06,0,below_detection
6,2023,3,22,7.38,0,0,2023-03-22,0,below_detection
7,2023,4,13,7.4,0,0,2023-04-13,0,below_detection
8,2023,4,24,8.16,0,0,2023-04-24,0,below_detection
9,2023,5,11,7.1,0,0,2023-05-11,0,below_detection
10,2023,5,30,5.28,0,0,2023-05-30,0,typo_corrected
11,2023,6,9,10.36,515,460.94,2023-06-09,460.97856,ok
12,2023,6,13,10.39,532,477.53,2023-06-13,477.57427200000006,ok
13,2023,6,26,9.88,0,0,2023-06-26,0,below_detection
14,2023,7,13,6.44,434,241.57,2023-07-13,241.48454400000003,ok
15,2023,7,20,9.13,485,382.49,2023-07-20,382.58352,ok
16,2023,7,24,8.23,403,286.59,2023-07-24,286.562016,ok
17,2023,8,11,20.85,3890,7006.61,2023-08-11,7007.6016,ok
18,2023,8,16,15.59,1580,2141.16,2023-08-16,2128.22208,ok
19,2023,8,28,12.89,1191,1326.84,2023-08-28,1326.411936,ok
20,2023,9,6,397.42,3362,115441.03,2023-09-06,115441.289856,ok
21,2023,9,14,127.84,578,6384.44,2023-09-14,6384.227328000001,ok
22,2023,9,22,184.01,0,0,2023-09-22,0,below_detection
23,2023,10,16,46.26,0,0,2023-10-16,0,below_detection
24,2023,10,24,21.44,0,0,2023-10-24,0,below_detection
25,2023,10,30,23.66,0,0,2023-10-30,0,below_detection
26,2023,11,13,13.75,0,0,2023-11-13,0,below_detection
27,2023,11,21,10.41,0,0,2023-11-21,0,below_detection
28,2023,11,27,12.28,0,0,2023-11-27,0,below_detection
29,2023,12,14,8.83,0,0,2023-12-14,0,below_detection
30,2023,12,25,10.86,0,0,2023-12-25,0,below_detection
1,2022,1,17,40.18,347,1204.59,2022-01-17,1204.628544,ok
2,2022,1,24,16.83,805,1170.81,2022-01-24,1170.5601599999998,ok
3,2022,2,10,13.63,196,230.77,2022-02-10,230.815872,ok
4,2022,2,17,10.01,464,401.33,2022-02-17,401.29689600000006,ok
5,2022,3,10,9.08,262,205.55,2022-03-10,205.542144,ok
6,2022,3,22,9.66,469,391.56,2022-03-22,391.43865600000004,ok
7,2022,4,12,13.24,559,639.53,2022-04-12,639.460224,ok
8,2022,4,20,10.38,533,477.79,2022-04-20,478.011456,ok
9,2022,5,9,8.82,575,438.31,2022-05-09,438.17760000000004,ok
10,2022,5,18,19.17,1244,2060.73,2022-05-18,2060.4222720000002,ok
11,2022,6,8,13.81,1238,1477.27,2022-06-08,1477.1617919999999,ok
12,2022,6,14,12.06,1247,1299.02,2022-06-14,1299.3540480000001,ok
13,2022,6,23,7.31,433,273.46,2022-06-23,273.47587200000004,ok
14,2022,7,6,14.4,915,1138.23,2022-07-06,1138.4064,ok
15,2022,7,14,7.67,474,313.89,2022-07-14,314.11411200000003,ok
16,2022,7,21,6.18,409,0,2022-07-21,218.386368,ssl_inconsistent
17,2022,8,2,4.21,552,200.53,2022-08-02,200.78668800000003,ok
18,2022,8,11,6.12,0,0,2022-08-11,0,below_detection
19,2022,8,17,6.67,0,0,2022-08-17,0,below_detection
20,2022,9,5,5.36,293,135.65,2022-09-05,135.689472,ok
21,2022,9,14,5.86,233,118.02,2022-09-14,117.96883200000002,ok
22,2022,9,20,11.76,200,203.21,2022-09-20,203.21280000000002,ok
23,2022,10,5,9.78,0,0,2022-10-05,0,below_detection
24,2022,10,17,108.24,7285,68127.61,2022-10-17,68128.85376,ok
25,2022,10,25,86.14,1092,8127.56,2022-10-25,8127.205632000001,ok
26,2022,11,3,90.42,1180,9218.53,2022-11-03,9218.49984,ok
27,2022,11,10,44.27,966,3695.07,2022-11-10,3694.8804480000003,ok
28,2022,11,16,29.47,641,1632.27,2022-11-16,1632.1193280000002,ok
29,2022,12,5,11.46,0,0,2022-12-05,0,below_detection
30,2022,12,3,13.82,0,0,2022-12-03,0,below_detection
1,2021,1,11,8.07,0,0,2021-01-11,0,below_detection
2,2021,1,26,11.07,0,0,2021-01-26,0,below_detection
3,2021,2,5,7.56,0,0,2021-02-05,0,below_detection
4,2021,2,24,8.41,0,0,2021-02-24,0,below_detection
5,2021,3,11,5.96,0,0,2021-03-11,0,below_detection
6,2021,3,24,5.56,0,0,2021-03-24,0,below_detection
7,2021,4,14,6.2,608,325.47,2021-04-14,325.69344,ok
8,2021,4,23,5.78,0,0,2021-04-23,0,below_detection
9,2021,5,13,5.06,0,0,2021-05-13,0,below_detection
10,2021,5,20,4.64,0,0,2021-05-20,0,below_detection
11,2021,6,10,11.46,542,536.8,2021-06-10,536.6580480000001,ok
12,2021,6,16,10.78,893,831.77,2021-06-16,831.7330559999999,ok
13,2021,6,25,21.18,2717,4971.54,2021-06-25,4971.979584,ok
14,2021,7,13,8.44,0,0,2021-07-13,0,below_detection
15,2021,7,19,8.82,0,0,2021-07-19,0,below_detection
16,2021,7,27,8.43,0,0,2021-07-27,0,below_detection
17,2021,8,10,15.81,0,0,2021-08-10,0,below_detection
18,2021,8,17,14.99,1747,2263.25,2021-08-17,2262.602592,ok
19,2021,8,25,13.32,713,820.28,2021-08-25,820.554624,ok
20,2021,9,7,11.26,829,806.37,2021-09-07,806.5042559999999,ok
21,2021,9,12,52.29,822,3713.56,2021-09-12,3713.677632,ok
22,2021,9,23,24.78,712,1524.36,2021-09-23,1524.386304,ok
23,2021,10,12,945.29,16412,1340418.15,2021-10-12,1340418.195072,Q_extreme_check
24,2021,10,18,85.23,1005,7401.02,2021-10-18,7400.691360000001,ok
25,2021,10,25,43.7,710,2680.47,2021-10-25,2680.7328000000007,ok
26,2021,11,10,19.58,559,945.39,2021-11-10,945.667008,ok
27,2021,11,18,17.93,618,957.23,2021-11-18,957.375936,ok
28,2021,11,26,14.91,544,700.96,2021-11-26,700.793856,ok
29,2021,12,9,16.28,350,492.39,2021-12-09,492.3072,ok
30,2021,12,16,15.78,348,474.51,2021-12-16,474.460416,ok
1,2020,1,9,10.54,0,0,2020-01-09,0,below_detection
2,2020,1,15,7.52,0,0,2020-01-15,0,below_detection
3,2020,2,7,7.84,0,0,2020-02-07,0,below_detection
4,2020,2,19,6.01,1010,524.28,2020-02-19,524.45664,ok
5,2020,3,10,5.78,541,270.35,2020-03-10,270.17107200000004,ok
6,2020,3,23,5.77,444,221.27,2020-03-23,221.346432,ok
7,2020,4,10,7.73,286,191.03,2020-04-10,191.01139200000003,ok
8,2020,4,22,5.34,0,0,2020-04-22,0,below_detection
9,2020,5,14,5.93,734,376.1,2020-05-14,376.066368,ok
10,2020,5,20,5.33,656,302.05,2020-05-20,302.09587200000004,ok
11,2020,6,1,6.01,383,198.89,2020-06-01,198.87811200000002,ok
12,2020,6,8,6.86,371,219.72,2020-06-08,219.89318400000002,ok
13,2020,6,22,5.07,417,182.65,2020-06-22,182.666016,ok
14,2020,7,8,5.05,389,169.6,2020-07-08,169.72848,ok
15,2020,7,15,6.09,0,0,2020-07-15,0,below_detection
16,2020,7,28,6.5,728,408.59,2020-07-28,408.8448,ok
17,2020,8,7,5.57,335,161.14,2020-08-07,161.21808000000001,ok
18,2020,8,17,3.49,0,0,2020-08-17,0,below_detection
19,2020,8,24,4.66,0,0,2020-08-24,0,below_detection
20,2020,9,10,6.07,0,0,2020-09-10,0,below_detection
21,2020,9,16,11.2,979,946.94,2020-09-16,947.35872,ok
22,2020,9,23,5.41,372,173.92,2020-09-23,173.881728,ok
23,2020,10,12,4.69,451,182.74,2020-10-12,182.752416,ok
24,2020,10,19,13.38,1177,1360.63,2020-10-19,1360.649664,ok
25,2020,10,28,12.35,482,514.34,2020-10-28,514.31328,ok
26,2020,11,10,35.85,993,3076.1,2020-11-10,3075.7579200000005,ok
27,2020,11,17,20.77,0,0,2020-11-17,0,below_detection
28,2020,11,26,15.48,570,762.57,2020-11-26,762.35904,ok
29,2020,12,9,16.6,146,209.35,2020-12-09,209.39904000000004,ok
30,2020,12,23,11.96,535,552.87,2020-12-23,552.8390400000001,ok
1,2019,1,10,9.06,0,0,2019-01-10,0,below_detection
2,2019,1,24,5,0,0,2019-01-24,0,below_detection
3,2019,2,19,10.43,0,0,2019-02-19,0,below_detection
4,2019,2,26,9.47,0,0,2019-02-26,0,below_detection
5,2019,3,6,6.7,0,0,2019-03-06,0,below_detection
6,2019,3,26,6.68,0,0,2019-03-26,0,below_detection
7,2019,4,12,8.23,0,0,2019-04-12,0,below_detection
8,2019,4,24,9.09,0,0,2019-04-24,0,below_detection
9,2019,5,8,8.75,436,329.7,2019-05-08,329.61600000000004,ok
10,2019,5,17,5.97,0,0,2019-05-17,0,below_detection
11,2019,6,12,13.31,530,609.47,2019-06-12,609.49152,ok
12,2019,6,21,12.2,0,0,2019-06-21,0,below_detection
13,2019,6,24,10.1,0,0,2019-06-24,0,below_detection
14,2019,7,1,11.91,473,468.78,2019-07-01,486.72835200000003,ok
15,2019,7,16,8.82,0,0,2019-07-16,0,below_detection
16,2019,7,29,10.84,670,627.61,2019-07-29,627.5059200000001,ok
17,2019,8,7,21.79,426,801.79,2019-08-07,802.011456,ok
18,2019,8,12,8.5,0,0,2019-08-12,0,below_detection
19,2019,8,23,11.12,0,0,2019-08-23,0,below_detection
20,2019,9,26,171.1,3337,49331.89,2019-09-26,49331.004479999996,ok
21,2019,9,9,24.95,808,1741.48,2019-09-09,1741.78944,ok
22,2019,9,12,30.73,667,1771.11,2019-09-12,1770.9330240000002,ok
23,2019,10,24,12.88,435,484.1,2019-10-24,484.08192,ok
24,2019,10,7,14.21,629,772.5,2019-10-07,772.250976,ok
25,2019,10,14,10.85,0,0,2019-10-14,0,below_detection
26,2019,11,29,8.12,528,370.57,2019-11-29,370.427904,ok
27,2019,11,14,8.61,0,0,2019-11-14,0,below_detection
28,2019,11,20,7.49,474,306.63,2019-11-20,306.74246400000004,ok
29,2019,12,3,10.5,575,521.77,2019-12-03,521.64,ok
30,2019,12,24,9.77,1102,930.1,2019-12-24,930.229056,ok
1,2018,1,10,36.17,694,2168.64,2018-01-10,2168.811072,ok
2,2018,1,24,13.4,0,0,2018-01-24,0,below_detection
3,2018,2,8,14.02,0,0,2018-02-08,0,below_detection
4,2018,2,21,10.58,0,0,2018-02-21,0,below_detection
5,2018,3,7,18.35,0,0,2018-03-07,0,below_detection
6,2018,3,22,10.28,0,0,2018-03-22,0,below_detection
7,2018,4,11,6.69,0,0,2018-04-11,0,below_detection
8,2018,4,30,8.13,0,0,2018-04-30,0,below_detection
9,2018,5,16,6,0,0,2018-05-16,0,below_detection
10,2018,5,22,7.07,0,0,2018-05-22,0,below_detection
11,2018,5,29,7.29,0,0,2018-05-29,0,below_detection
12,2018,6,1,12.92,0,0,2018-06-01,0,below_detection
13,2018,6,8,8.25,0,0,2018-06-08,0,below_detection
14,2018,6,29,9.84,0,0,2018-06-29,0,below_detection
15,2018,7,11,8.83,364,277.6,2018-07-11,277.699968,ok
16,2018,7,19,21.26,594,1091.23,2018-07-19,1091.0972160000001,ok
17,2018,7,26,11.72,0,0,2018-07-26,0,below_detection
18,2018,8,10,9.66,0,0,2018-08-10,0,below_detection
19,2018,8,15,11.58,945,945.48,2018-08-15,945.4838400000001,ok
20,2018,8,23,13.5,3265,3807.99,2018-08-23,3808.2960000000003,ok
21,2018,9,11,66.99,2204,12756.27,2018-09-11,12756.610944,ok
22,2018,9,18,172.89,2553,38135.49,2018-09-18,38135.937888,ok
23,2018,9,27,62.91,758,4120.07,2018-09-27,4120.051392,ok
24,2018,10,17,30.88,505,1347.41,2018-10-17,1347.35616,ok
25,2018,10,24,17.63,443,674.96,2018-10-24,674.7917759999999,ok
26,2018,10,29,20.63,0,0,2018-10-29,0,below_detection
27,2018,11,8,33.69,377,1097.19,2018-11-08,1097.377632,ok
28,2018,11,20,19.8,0,0,2018-11-20,0,below_detection
29,2018,12,12,7.71,0,0,2018-12-12,0,below_detection
30,2018,12,25,11.67,0,0,2018-12-25,0,below_detection
1,2017,1,6,13.22,326,373.47,2017-01-06,372.35980800000004,ok
2,2017,1,17,7.75,346,231.81,2017-01-17,231.6816,ok
3,2017,2,15,7.83,0,0,2017-02-15,0,below_detection
4,2017,3,7,7.38,0,0,2017-03-07,0,below_detection
5,2017,3,13,5.82,672,337.82,2017-03-13,337.913856,ok
6,2017,3,21,6.77,0,0,2017-03-21,0,below_detection
7,2017,4,18,7.06,0,0,2017-04-18,0,below_detection
8,2017,4,26,4.47,0,0,2017-04-26,0,below_detection
9,2017,5,4,5.63,0,0,2017-05-04,0,below_detection
10,2017,5,12,5.24,790,357.96,2017-05-12,357.66144,ok
11,2017,5,19,11.03,1254,1194.48,2017-05-19,1195.051968,ok
12,2017,6,2,12.68,0,0,2017-06-02,0,below_detection
13,2017,6,13,24.76,552,1181,2017-06-13,1180.873728,ok
14,2017,6,27,5.17,1226,546.48,2017-06-27,547.639488,ok
15,2017,7,10,10.2,0,0,2017-07-10,0,below_detection
16,2017,7,17,14.31,590,729.48,2017-07-17,729.46656,ok
17,2017,7,26,7.87,0,0,2017-07-26,0,below_detection
18,2017,7,30,19.35,4639,7754.83,2017-07-30,7755.665760000001,ok
19,2017,8,8,31.42,338,917.65,2017-08-08,917.5645440000002,ok
20,2017,8,14,21.83,0,0,2017-08-14,0,below_detection
21,2017,8,23,92.22,404,3218.92,2017-08-23,3218.994432,ok
22,2017,9,14,12.01,0,0,2017-09-14,0,below_detection
23,2017,9,25,11.17,0,0,2017-09-25,0,below_detection
24,2017,9,30,9.26,0,0,2017-09-30,0,below_detection
25,2017,10,12,102.22,850,7506.78,2017-10-12,7507.036800000001,ok
26,2017,10,16,497.35,3853,165568.41,2017-10-16,165567.41712,ok
27,2017,10,26,46.17,606,2417.21,2017-10-26,2417.3873280000003,ok
28,2017,11,14,31.6,548,1496.1,2017-11-14,1496.17152,ok
29,2017,11,20,24.42,0,0,2017-11-20,0,below_detection
30,2017,12,13,16.32,0,0,2017-12-13,0,below_detection
1,2016,1,12,19.01,305,500.9,2016-01-12,500.95152,ok
2,2016,1,25,19.51,689,1161.54,2016-01-25,1161.4224960000001,ok
3,2016,6,6,5.9,288,146.74,2016-06-06,146.81088000000003,ok
4,2016,9,15,208.4,6653,0,2016-09-15,119792.32128,ssl_inconsistent
5,2016,12,12,17.23,231,0,2016-12-12,343.883232,ssl_inconsistent
1,2015,1,8,9.07,0,0,2015-01-08,0,below_detection
2,2015,1,26,9.02,0,0,2015-01-26,0,below_detection
3,2015,2,5,9.18,0,0,2015-02-05,0,below_detection
4,2015,2,13,10.18,0,0,2015-02-13,0,below_detection
5,2015,3,6,9.01,0,0,2015-03-06,0,below_detection
6,2015,3,11,10.8,0,0,2015-03-11,0,below_detection
7,2015,4,15,5.98,0,0,2015-04-15,0,below_detection
8,2015,4,22,6.71,0,0,2015-04-22,0,below_detection
9,2015,5,6,6.09,0,0,2015-05-06,0,below_detection
10,2015,5,13,6.19,0,0,2015-05-13,0,below_detection
11,2015,5,21,7.35,0,0,2015-05-21,0,below_detection
12,2015,6,5,10.25,0,0,2015-06-05,0,below_detection
13,2015,6,11,6.71,0,0,2015-06-11,0,below_detection
14,2015,6,17,5.01,0,0,2015-06-17,0,below_detection
15,2015,7,10,8.67,0,0,2015-07-10,0,below_detection
16,2015,7,20,7.04,0,0,2015-07-20,0,below_detection
17,2015,7,27,6.07,0,0,2015-07-27,0,below_detection
18,2015,8,13,9.42,0,0,2015-08-13,0,below_detection
19,2015,8,20,6.71,0,0,2015-08-20,0,below_detection
20,2015,8,26,24.76,5128,10971.92,2015-08-26,10970.145792000001,ok
21,2015,9,4,24.8,0,0,2015-09-04,0,below_detection
22,2015,9,11,14.68,0,0,2015-09-11,0,below_detection
23,2015,9,18,13.19,0,0,2015-09-18,0,below_detection
24,2015,10,2,14.6,0,0,2015-10-02,0,below_detection
25,2015,10,13,10.45,0,0,2015-10-13,0,below_detection
26,2015,10,28,9.69,0,0,2015-10-28,0,below_detection
27,2015,11,10,11.6,607,608.57,2015-11-10,608.35968,ok
28,2015,11,24,26.5,0,0,2015-11-24,0,below_detection
29,2015,12,9,10.33,348,310.65,2015-12-09,310.594176,ok
30,2015,12,22,12.86,0,0,2015-12-22,0,below_detection
1,2014,1,6,11.56,0,0,2014-01-06,0,below_detection
2,2014,1,21,13.84,0,0,2014-01-21,0,below_detection
3,2014,2,7,8.87,0,0,2014-02-07,0,below_detection
4,2014,2,25,9.17,0,0,2014-02-25,0,below_detection
5,2014,3,13,9.59,0,0,2014-03-13,0,below_detection
6,2014,3,26,6.71,0,0,2014-03-26,0,below_detection
7,2014,4,10,6.38,0,0,2014-04-10,0,below_detection
8,2014,4,21,6.97,0,0,2014-04-21,0,below_detection
9,2014,5,5,12.07,397,413.91,2014-05-05,414.01065600000004,ok
10,2014,5,12,11.7,0,0,2014-05-12,0,below_detection
11,2014,5,21,8.19,0,0,2014-05-21,0,below_detection
12,2014,6,5,11.47,0,0,2014-06-05,0,below_detection
13,2014,6,16,23.62,435,887.85,2014-06-16,887.7340800000001,ok
14,2014,6,24,9.44,0,0,2014-06-24,0,below_detection
15,2014,7,4,12.29,0,0,2014-07-04,0,below_detection
16,2014,7,8,7.33,0,0,2014-07-08,0,below_detection
17,2014,7,24,96.55,4484,37404.78,2014-07-24,37405.16928,ok
18,2014,8,7,15.8,3271,4466.44,2014-08-07,4465.30752,ok
19,2014,8,21,15.83,631,862.81,2014-08-21,863.0262720000001,ok
20,2014,8,27,12.48,0,0,2014-08-27,0,below_detection
21,2014,9,5,7.77,0,0,2014-09-05,0,below_detection
22,2014,9,16,8.97,0,0,2014-09-16,0,below_detection
23,2014,9,24,35.43,1408,4310.1,2014-09-24,4310.102016000001,ok
24,2014,10,1,29.37,484,1481.94,2014-10-01,1228.182912,ssl_inconsistent
25,2014,10,13,10.25,0,0,2014-10-13,0,below_detection
26,2014,11,4,11.83,0,0,2014-11-04,0,below_detection
27,2014,11,12,8.27,0,0,2014-11-12,0,below_detection
28,2014,11,21,14.69,0,0,2014-11-21,0,below_detection
29,2014,12,4,9.81,0,0,2014-12-04,0,below_detection
30,2014,12,18,10.02,0,0,2014-12-18,0,below_detection
1,2013,1,11,13.23,0,0,2013-01-11,0,below_detection
2,2013,1,30,11.87,0,0,2013-01-30,0,below_detection
3,2013,2,13,9.96,0,0,2013-02-13,0,below_detection
4,2013,2,22,9.93,0,0,2013-02-22,0,below_detection
5,2013,3,12,9.97,0,0,2013-03-12,0,below_detection
6,2013,3,20,8.56,0,0,2013-03-20,0,below_detection
7,2013,4,5,6.23,0,0,2013-04-05,0,below_detection
8,2013,4,16,5.54,0,0,2013-04-16,0,below_detection
9,2013,5,7,7,0,0,2013-05-07,0,below_detection
10,2013,5,16,6.15,0,0,2013-05-16,0,below_detection
11,2013,5,28,15.79,423,577.15,2013-05-28,577.080288,ok
12,2013,6,7,20.66,235,419.54,2013-06-07,419.48064000000005,ok
13,2013,6,14,50.48,987,4304.52,2013-06-14,4304.772864,ok
14,2013,6,25,31.42,0,0,2013-06-25,0,below_detection
15,2013,7,18,12.33,2907,3096.36,2013-07-18,3096.861984,ok
16,2013,7,25,49.93,1510,6514.59,2013-07-25,6514.0675200000005,ok
17,2013,8,4,67.88,580,3401.55,2013-08-04,3401.60256,ok
18,2013,8,16,28.15,187,454.75,2013-08-16,454.81392000000005,ok
19,2013,8,27,78.76,1486,10111.77,2013-08-27,10112.027904,ok
20,2013,9,24,38.22,6891,22753.73,2013-09-24,22755.515328,ok
21,2013,10,4,15.33,0,0,2013-10-04,0,below_detection
22,2013,10,25,10.39,135,121.2,2013-10-25,121.18896000000001,ok
23,2013,11,5,11.96,150,155.05,2013-11-05,155.00160000000002,ok
24,2013,12,13,19.32,220,367.14,2013-12-13,367.23456,ok
1,2012,1,11,13.23,0,0,2012-01-11,0,below_detection
2,2012,1,30,11.87,0,0,2012-01-30,0,below_detection
3,2012,2,13,9.96,0,0,2012-02-13,0,below_detection
4,2012,2,22,9.93,0,0,2012-02-22,0,below_detection
5,2012,3,12,9.97,0,0,2012-03-12,0,below_detection
6,2012,3,20,8.56,0,0,2012-03-20,0,below_detection
7,2012,4,5,6.23,0,0,2012-04-05,0,below_detection
8,2012,4,16,5.54,0,0,2012-04-16,0,below_detection
9,2012,5,7,7,0,0,2012-05-07,0,below_detection
10,2012,5,16,6.15,0,0,2012-05-16,0,below_detection
11,2012,5,28,15.79,423,577.15,2012-05-28,577.080288,ok
12,2012,6,7,20.66,235,419.54,2012-06-07,419.48064000000005,ok
13,2012,6,14,50.48,987,4304.52,2012-06-14,4304.772864,ok
14,2012,6,25,21.42,0,0,2012-06-25,0,below_detection
15,2012,7,18,12.33,2907,3096.36,2012-07-18,3096.861984,ok
16,2012,7,25,49.93,1510,6514.59,2012-07-25,6514.0675200000005,ok
17,2012,8,4,67.88,580,3401.55,2012-08-04,3401.60256,ok
18,2012,8,16,28.15,187,454.75,2012-08-16,454.81392000000005,ok
19,2012,8,27,78.76,1486,10111.77,2012-08-27,10112.027904,ok
20,2012,9,24,38.22,6891,22753.73,2012-09-24,22755.515328,ok
21,2012,10,4,15.33,0,0,2012-10-04,0,below_detection
22,2012,10,25,10.39,135,121.2,2012-10-25,121.18896000000001,ok
23,2012,11,5,11.96,150,155.05,2012-11-05,155.00160000000002,ok
24,2012,12,13,19.32,220,367.14,2012-12-13,367.23456,ok
1,2011,1,5,8.44,0,0,2011-01-05,0,below_detection
2,2011,1,6,8.44,0,0,2011-01-06,0,below_detection
3,2011,1,14,8.63,0,0,2011-01-14,0,below_detection
4,2011,1,24,9.42,0,0,2011-01-24,0,below_detection
5,2011,2,9,7.7,0,0,2011-02-09,0,below_detection
6,2011,2,18,7.72,0,0,2011-02-18,0,below_detection
7,2011,2,23,8.26,0,0,2011-02-23,0,below_detection
8,2011,2,24,8.26,0,0,2011-02-24,0,below_detection
9,2011,3,7,6.23,0,0,2011-03-07,0,below_detection
10,2011,3,8,6.23,0,0,2011-03-08,0,below_detection
11,2011,3,14,7.95,0,0,2011-03-14,0,below_detection
12,2011,3,24,6.75,0,0,2011-03-24,0,below_detection
13,2011,3,25,6.75,0,0,2011-03-25,0,below_detection
14,2011,4,13,5.65,0,0,2011-04-13,0,below_detection
15,2011,4,21,4.43,0,0,2011-04-21,0,below_detection
16,2011,4,24,4.43,0,0,2011-04-24,0,below_detection
17,2011,4,29,6.73,0,0,2011-04-29,0,below_detection
18,2011,5,10,7.16,0,0,2011-05-10,0,below_detection
19,2011,5,23,9.44,3544,2889.62,2011-05-23,2890.5431040000003,ok
20,2011,6,2,20.2,130,226.9,2011-06-02,226.8864,ok
21,2011,6,15,9.98,0,0,2011-06-15,0,below_detection
22,2011,7,1,16.46,112,159.25,2011-07-01,159.28012800000002,ok
23,2011,7,15,13.5,154,179.67,2011-07-15,179.62560000000002,ok
24,2011,7,22,16.66,0,0,2011-07-22,0,below_detection
25,2011,7,23,16.66,0,0,2011-07-23,0,below_detection
26,2011,8,9,9.94,0,0,2011-08-09,0,below_detection
27,2011,8,19,11.35,0,0,2011-08-19,0,below_detection
28,2011,8,24,10.83,143,133.84,2011-08-24,133.806816,ok
29,2011,8,25,10.83,143,133.84,2011-08-25,133.806816,ok
30,2011,8,31,106.21,2438,22371.78,2011-08-31,22372.414271999998,ok
31,2011,9,13,24.99,0,0,2011-09-13,0,below_detection
32,2011,9,14,24.99,0,0,2011-09-14,0,below_detection
33,2011,9,28,25.62,171,378.55,2011-09-28,378.52012800000006,ok
34,2011,9,29,25.62,171,378.55,2011-09-29,378.52012800000006,ok
35,2011,10,6,94.88,1136,9312.51,2011-10-06,9312.509952,ok
36,2011,10,8,96.49,1136,9470.43,2011-10-08,9470.532096,ok
37,2011,10,17,33.83,131,382.94,2011-10-17,382.90147199999996,ok
38,2011,10,19,33.83,131,382.94,2011-10-19,382.90147199999996,ok
39,2011,10,25,25.42,333,731.25,2011-10-25,731.363904,ok
40,2011,11,8,20.39,427,752.32,2011-11-08,752.2441920000001,ok
41,2011,11,28,25.87,0,0,2011-11-28,0,below_detection
42,2011,11,29,25.87,0,0,2011-11-29,0,below_detection
43,2011,12,13,25.73,2739,6088.99,2011-12-13,6088.994208,ok
44,2011,12,27,15.57,0,0,2011-12-27,0,below_detection
1,2010,1,7,8.65,0,0,2010-01-07,0,below_detection
2,2010,1,7,8.65,0,0,2010-01-07,0,below_detection
3,2010,1,20,7.9,0,0,2010-01-20,0,below_detection
4,2010,1,20,7.9,0,0,2010-01-20,0,below_detection
5,2010,2,2,7.69,0,0,2010-02-02,0,below_detection
6,2010,2,2,7.69,0,0,2010-02-02,0,below_detection
7,2010,2,23,9.86,0,0,2010-02-23,0,below_detection
8,2010,2,23,9.86,0,0,2010-02-23,0,below_detection
9,2010,3,2,7.1,0,0,2010-03-02,0,below_detection
10,2010,3,2,7.1,0,0,2010-03-02,0,below_detection
11,2010,3,15,6.45,0,0,2010-03-15,0,below_detection
12,2010,3,15,6.45,0,0,2010-03-15,0,below_detection
13,2010,3,24,6.01,0,0,2010-03-24,0,below_detection
14,2010,3,24,6.01,0,0,2010-03-24,0,below_detection
15,2010,4,6,5.16,0,0,2010-04-06,0,below_detection
16,2010,4,6,5.16,0,0,2010-04-06,0,below_detection
17,2010,4,13,5,0,0,2010-04-13,0,below_detection
18,2010,4,13,5,0,0,2010-04-13,0,below_detection
19,2010,4,22,5.15,0,0,2010-04-22,0,below_detection
20,2010,4,22,5.15,0,0,2010-04-22,0,below_detection
21,2010,5,7,5.77,0,0,2010-05-07,0,below_detection
22,2010,5,7,5.77,0,0,2010-05-07,0,below_detection
23,2010,5,14,5.52,0,0,2010-05-14,0,below_detection
24,2010,5,14,5.52,0,0,2010-05-14,0,below_detection
25,2010,5,20,4.59,0,0,2010-05-20,0,below_detection
26,2010,5,20,4.59,0,0,2010-05-20,0,below_detection
27,2010,6,3,4.56,0,0,2010-06-03,0,below_detection
28,2010,6,3,4.56,0,0,2010-06-03,0,below_detection
29,2010,6,21,6.39,0,0,2010-06-21,0,below_detection
30,2010,6,21,6.39,0,0,2010-06-21,0,below_detection
31,2010,6,29,6.08,0,0,2010-06-29,0,below_detection
32,2010,6,29,6.08,0,0,2010-06-29,0,below_detection
33,2010,7,8,6.08,0,0,2010-07-08,0,below_detection
34,2010,7,8,5.51,0,0,2010-07-08,0,below_detection
36,2010,7,20,6.28,0,0,2010-07-20,0,below_detection
36,2010,7,28,12.06,290,302.1,2010-07-28,302.17536,ok
37,2010,7,28,12.06,290,302.1,2010-07-28,302.17536,ok
38,2010,8,13,7.02,0,0,2010-08-13,0,below_detection
39,2010,8,13,7.02,0,0,2010-08-13,0,below_detection
40,2010,8,20,7.79,0,0,2010-08-20,0,below_detection
41,2010,8,20,7.79,0,0,2010-08-20,0,below_detection
42,2010,8,26,8.21,0,0,2010-08-26,0,below_detection
43,2010,8,26,8.21,0,0,2010-08-26,0,below_detection
44,2010,9,8,20.6,130,231.42,2010-09-08,231.37920000000003,ok
45,2010,9,8,20.6,130,231.42,2010-09-08,231.37920000000003,ok
46,2010,9,13,30.14,0,0,2010-09-13,0,below_detection
47,2010,9,13,30.14,0,0,2010-09-13,0,below_detection
48,2010,9,23,80.25,2681,18588.75,2010-09-23,18588.981600000003,ok
49,2010,9,23,80.25,2681,18588.75,2010-09-23,18588.981600000003,ok
50,2010,9,30,33.17,547,1567.64,2010-09-30,1567.6407360000003,ok
51,2010,9,30,33.17,547,1567.64,2010-09-30,1567.6407360000003,ok
52,2010,10,15,27.34,9969,23547.67,2010-10-15,23548.532544,ok
53,2010,10,15,37.34,9969,23547.67,2010-10-15,32161.748544000002,ssl_inconsistent
54,2010,10,20,98.17,1522,12909.3,2010-10-20,12909.433536,ok
55,2010,10,20,98.17,1422,12909.3,2010-10-20,12061.244736,ok
56,2010,11,26,29.17,5225,13167.6,2010-11-26,13168.5048,ok
57,2010,11,26,29.17,5225,13167.6,2010-11-26,13168.5048,ok
58,2010,11,8,30.58,2964,7832.24,2010-11-08,7831.219968,ok
59,2010,11,8,30.58,2964,7832.24,2010-11-08,7831.219968,ok
60,2010,11,24,18.94,0,0,2010-11-24,0,below_detection
61,2010,11,24,18.94,0,0,2010-11-24,0,below_detection
62,2010,11,7,13.92,0,0,2010-11-07,0,below_detection
63,2010,12,7,13.92,0,0,2010-12-07,0,below_detection
64,2010,12,21,10.92,0,0,2010-12-21,0,below_detection
65,2010,12,21,10.92,0,0,2010-12-21,0,below_detection
66,2010,12,29,9.99,0,0,2010-12-29,0,below_detection
67,2010,12,29,9.99,0,0,2010-12-29,0,below_detection
1,2009,1,5,12.62,0,0,2009-01-05,0,below_detection
2,2009,1,20,7.5,0,0,2009-01-20,0,below_detection
3,2009,2,10,7.5,0,0,2009-02-10,0,below_detection
4,2009,2,25,5.71,0,0,2009-02-25,0,below_detection
5,2009,3,10,8.5,0,0,2009-03-10,0,below_detection
6,2009,3,24,6.31,0,0,2009-03-24,0,below_detection
7,2009,4,9,6.13,0,0,2009-04-09,0,below_detection
8,2009,4,22,6.56,0,0,2009-04-22,0,below_detection
9,2009,5,15,5.39,0,0,2009-05-15,0,below_detection
10,2009,5,25,7.57,0,0,2009-05-25,0,below_detection
11,2009,6,5,7.66,0,0,2009-06-05,0,below_detection
12,2009,6,17,8.03,0,0,2009-06-17,0,below_detection
13,2009,6,22,43.48,0,0,2009-06-22,0,below_detection
14,2009,7,6,7.87,0,0,2009-07-06,0,below_detection
15,2009,7,15,18.65,0,0,2009-07-15,0,below_detection
16,2009,7,31,15.35,0,0,2009-07-31,0,below_detection
17,2009,8,6,15.08,506,659.45,2009-08-06,659.2734720000001,ok
18,2009,8,13,56.44,721,3516.02,2009-08-13,3515.895936,ok
19,2009,8,19,29.64,0,0,2009-08-19,0,below_detection
20,2009,9,25,22.77,0,0,2009-09-25,0,below_detection
21,2009,9,1,14.86,0,0,2009-09-01,0,below_detection
22,2009,9,11,11.93,0,0,2009-09-11,0,below_detection
23,2009,10,16,13.82,0,0,2009-10-16,0,below_detection
24,2009,10,30,74.87,0,0,2009-10-30,0,below_detection
25,2009,10,7,275.53,1531,36447.2,2009-10-07,36446.667552,ok
26,2009,11,19,56.51,1212,5917.86,2009-11-19,5917.546368,ok
27,2009,11,9,14.06,0,0,2009-11-09,0,below_detection
28,2009,11,25,12.3,0,0,2009-11-25,0,below_detection
29,2009,12,9,9.43,0,0,2009-12-09,0,below_detection
30,2009,12,21,12.26,0,0,2009-12-21,0,below_detection
1,2008,8,12,46.23,103,411.37,2008-08-12,411.410016,ok
2,2008,9,17,35.8,202,624.86,2008-09-17,624.81024,ok
3,2008,9,24,139,1172,14075.35,2008-09-24,14075.2512,ok
1,2007,2,8,6.5,0,0,2007-02-08,0,below_detection
2,2007,3,1,7.71,0,0,2007-03-01,0,below_detection
3,2007,3,21,7.51,0,0,2007-03-21,0,below_detection
4,2007,4,11,8.05,0,0,2007-04-11,0,below_detection
5,2007,4,27,6.46,0,0,2007-04-27,0,below_detection
6,2007,5,29,7.05,598,364.25,2007-05-29,364.25376,ok
7,2007,6,5,7.16,0,0,2007-06-05,0,below_detection
8,2007,6,21,12.31,1294,1376.61,2007-06-21,1376.277696,ok
9,2007,6,27,13.17,0,0,2007-06-27,0,below_detection
10,2007,7,11,7.05,0,0,2007-07-11,0,below_detection
11,2007,7,20,6.89,0,0,2007-07-20,0,below_detection
12,2007,8,8,464.01,9066,363458.58,2007-08-08,363460.14662400004,ok
13,2007,8,19,519.68,9668,434093.26,2007-08-19,434096.603136,ok
14,2007,8,27,67.33,2353,13688.95,2007-08-27,13688.135136,ok
15,2007,9,6,36.34,1365,4285.79,2007-09-06,4285.794240000001,ok
16,2007,9,12,35.67,670,2065.04,2007-09-12,2064.8649600000003,ok
17,2007,9,20,24.69,284,605.88,2007-09-20,605.833344,ok
18,2007,10,2,45.34,285,1116.48,2007-10-02,1116.4521600000003,ok
19,2007,10,11,34.14,335,988.18,2007-10-11,988.1481600000001,ok
20,2007,12,3,54.39,324,1522.68,2007-12-03,1522.5719040000001,ok
1,2006,1,5,13.08,0,0,2006-01-05,0,below_detection
2,2006,1,18,11.27,0,0,2006-01-18,0,below_detection
3,2006,3,10,8.55,0,0,2006-03-10,0,below_detection
4,2006,4,4,11.22,0,0,2006-04-04,0,below_detection
5,2006,4,29,7.89,0,0,2006-04-29,0,below_detection
6,2006,5,19,38.49,624,2075.35,2006-05-19,2075.134464,ok
7,2006,6,8,17.8,0,0,2006-06-08,0,below_detection
8,2006,6,15,76.8,0,0,2006-06-15,0,below_detection
9,2006,7,27,176.95,1294,19783.74,2006-07-27,19783.29312,ok
10,2006,8,3,48.65,204,857.45,2006-08-03,857.48544,ok
11,2006,8,9,222.37,2032,39040.34,2006-08-09,39040.344576,ok
12,2006,8,22,24.08,0,0,2006-08-22,0,below_detection
13,2006,9,6,17.69,0,0,2006-09-06,0,below_detection
14,2006,9,13,60.01,64,331.85,2006-09-13,331.831296,ok
15,2006,9,21,27.05,0,0,2006-09-21,0,below_detection
16,2006,9,30,23.44,0,0,2006-09-30,0,below_detection
17,2006,10,12,23.82,0,0,2006-10-12,0,below_detection
18,2006,10,24,10.11,0,0,2006-10-24,0,below_detection
19,2006,11,14,11.13,0,0,2006-11-14,0,below_detection
20,2006,11,28,11.61,0,0,2006-11-28,0,below_detection
21,2006,12,14,10.56,0,0,2006-12-14,0,below_detection
22,2006,12,29,6.17,0,0,2006-12-29,0,below_detection
1,2005,1,6,11.26,525,510.57,2005-01-06,510.7536,ok
2,2005,1,24,11.72,0,0,2005-01-24,0,below_detection
3,2005,2,4,10.44,0,0,2005-02-04,0,below_detection
4,2005,2,22,10.28,84,74.62,2005-02-22,74.60812800000001,ok
5,2005,3,3,13.58,456,535.19,2005-03-03,535.0302720000001,ok
6,2005,3,22,8.65,166,124.03,2005-03-22,124.06176000000002,ok
7,2005,4,7,12.56,0,0,2005-04-07,0,below_detection
8,2005,4,26,10.46,90,81.36,2005-04-26,81.33696000000002,ok
9,2005,5,11,7.99,0,0,2005-05-11,0,below_detection
10,2005,5,23,12.54,720,779.96,2005-05-23,780.08832,ok
11,2005,6,6,10.14,298,260.95,2005-06-06,261.076608,ok
12,2005,6,16,31.11,1703,4577.35,2005-06-16,4577.5005120000005,ok
13,2005,6,27,10.78,228,212.36,2005-06-27,212.357376,ok
14,2005,7,8,13.36,0,0,2005-07-08,0,below_detection
15,2005,7,19,29.66,3363,8618.98,2005-07-19,8618.104512,ok
16,2005,7,27,23.36,458,924.22,2005-07-27,924.383232,ok
17,2005,8,3,16.25,0,0,2005-08-03,0,below_detection
18,2005,8,11,13.7,0,0,2005-08-11,0,below_detection
19,2005,8,17,84.82,2599,19046.64,2005-08-17,19046.636352,ok
20,2005,8,29,24.91,0,0,2005-08-29,0,below_detection
21,2005,9,13,21.82,0,0,2005-09-13,0,below_detection
22,2005,9,20,16.34,0,0,2005-09-20,0,below_detection
23,2005,9,25,88.66,871,6671.68,2005-09-25,6672.055104,ok
24,2005,10,4,60.21,0,0,2005-10-04,0,below_detection
25,2005,10,17,32.69,126,355.88,2005-10-17,355.876416,ok
26,2005,10,27,18.64,1216,1958.57,2005-10-27,1958.3631360000002,ok
27,2005,11,11,17.84,0,0,2005-11-11,0,below_detection
28,2005,11,22,16.84,0,0,2005-11-22,0,below_detection
29,2005,12,1,12.92,0,0,2005-12-01,0,below_detection
30,2005,12,20,11.97,0,0,2005-12-20,0,below_detection
1,2004,1,15,7,0,0,2004-01-15,0,below_detection
2,2004,2,6,14,0,0,2004-02-06,0,below_detection
3,2004,3,4,10,0,0,2004-03-04,0,below_detection
4,2004,4,5,8,0,0,2004-04-05,0,below_detection
5,2004,5,6,6,0,0,2004-05-06,0,below_detection
6,2004,6,3,8,0,0,2004-06-03,0,below_detection
7,2004,6,16,10,0,0,2004-06-16,0,below_detection
8,2004,6,29,6,0,0,2004-06-29,0,below_detection
9,2004,7,2,182,5870,92304.58,2004-07-02,92304.576,ok
10,2004,7,14,23,2950,5862.24,2004-07-14,5862.240000000001,ok
11,2004,7,27,14,119,143.94,2004-07-27,143.94240000000002,ok
12,2004,8,9,12,0,0,2004-08-09,0,below_detection
13,2004,8,18,10,0,0,2004-08-18,0,below_detection
14,2004,8,30,13,368,413.34,2004-08-30,413.3376,ok
15,2004,9,8,17,1220,1791.94,2004-09-08,1791.9360000000001,ok
16,2004,9,14,19,1640,2692.64,2004-09-14,2692.224,ok
17,2004,9,29,13,1450,1628.64,2004-09-29,1628.64,ok
18,2004,10,14,10,0,0,2004-10-14,0,below_detection
19,2004,10,26,13,379,425.69,2004-10-26,425.69280000000003,ok
20,2004,11,9,10,0,0,2004-11-09,0,below_detection
21,2004,12,4,395,7610,259714.08,2004-12-04,259714.08000000002,ok
22,2004,12,23,14,1110,1342.66,2004-12-23,1342.6560000000002,ok
1,2003,1,7,14,1950,2358.72,2003-01-07,2358.7200000000003,ok
2,2003,2,11,7.69,0,0,2003-02-11,0,below_detection
3,2003,3,10,5.36,0,0,2003-03-10,0,below_detection
4,2003,4,10,4.81,82,34.08,2003-04-10,34.077888,ok
5,2003,5,8,5.53,0,0,2003-05-08,0,below_detection
6,2003,6,5,3.97,0,0,2003-06-05,0,below_detection
7,2003,6,17,5.32,1739,799.33,2003-06-17,799.3278720000002,ok
8,2003,7,1,5.6,0,0,2003-07-01,0,below_detection
9,2003,7,17,3.94,0,0,2003-07-17,0,below_detection
10,2003,7,29,3.42,0,0,2003-07-29,0,below_detection
11,2003,8,5,58.1,3337,16751.21,2003-08-05,16751.206080000004,ok
12,2003,8,14,14.2,505,619.57,2003-08-14,619.5744000000001,ok
13,2003,8,27,19.8,1762,3014.29,2003-08-27,3014.28864,ok
14,2003,9,3,323,10495,292886.06,2003-09-03,292886.064,ok
15,2003,9,16,36.9,638,2034.05,2003-09-16,2034.04608,ok
16,2003,10,3,14.6,147,185.43,2003-10-03,185.43168,ok
17,2003,10,13,18.4,655,1041.29,2003-10-13,1041.2928,ok
18,2003,10,30,9.33,0,0,2003-10-30,0,below_detection
19,2003,11,19,28.5,982,2418.08,2003-11-19,2418.0768000000003,ok
20,2003,12,16,22.6,0,0,2003-12-16,0,below_detection
1,2002,1,18,7.48,0,0,2002-01-18,0,below_detection
2,2002,1,24,6.17,0,0,2002-01-24,0,below_detection
3,2002,2,21,6.48,0,0,2002-02-21,0,below_detection
4,2002,3,7,7.22,0,0,2002-03-07,0,below_detection
5,2002,3,20,6.62,0,0,2002-03-20,0,below_detection
6,2002,4,3,5.57,0,0,2002-04-03,0,below_detection
7,2002,4,23,5.35,0,0,2002-04-23,0,below_detection
8,2002,5,7,6,0,0,2002-05-07,0,below_detection
9,2002,5,20,6.43,0,0,2002-05-20,0,below_detection
10,2002,6,10,35.3,2010,4393.7,2002-06-10,6130.3392,ssl_inconsistent
11,2002,6,20,8.09,0,0,2002-06-20,0,below_detection
12,2002,7,3,6.47,0,0,2002-07-03,0,below_detection
13,2002,7,11,14,457,457,2002-07-11,552.7872,ssl_inconsistent
14,2002,7,18,11.5,596,596,2002-07-18,592.1856,ok
15,2002,7,25,9.03,205,205,2002-07-25,159.93936,ssl_inconsistent
16,2002,8,1,8.18,0,0,2002-08-01,0,below_detection
17,2002,8,8,21,443,803.78,2002-08-08,803.7792000000001,ok
18,2002,8,13,17.9,611,944.95,2002-08-13,944.94816,ok
19,2002,8,26,8.8,0,0,2002-08-26,0,below_detection
20,2002,9,2,6.99,0,0,2002-09-02,0,below_detection
21,2002,9,9,7.18,0,0,2002-09-09,0,below_detection
22,2002,9,17,12.2,113,119.11,2002-09-17,119.11104,ok
23,2002,9,23,11.2,292,282.56,2002-09-23,282.56255999999996,ok
24,2002,10,1,9.22,0,0,2002-10-01,0,below_detection
25,2002,10,18,18.3,678,1072,2002-10-18,1071.99936,ok
26,2002,10,23,11.6,431,431.97,2002-10-23,431.96544,ok
27,2002,11,7,12.4,465,498.18,2002-11-07,498.18240000000003,ok
28,2002,11,22,8.35,631,455.23,2002-11-22,455.22864,ok
29,2002,12,2,9.53,603,498.51,2002-12-02,496.50537599999996,ok
30,2002,12,17,6.45,0,0,2002-12-17,0,below_detection
1,2001,1,9,9.74,442,371.96,2001-01-09,371.958912,ok
2,2001,1,19,12,597,618.97,2001-01-19,618.9696,ok
3,2001,2,6,8.93,0,0,2001-02-06,0,below_detection
4,2001,2,20,8.18,0,0,2001-02-20,0,below_detection
5,2001,3,8,6.99,0,0,2001-03-08,0,below_detection
6,2001,3,21,6.36,0,0,2001-03-21,0,below_detection
7,2001,4,10,8.07,0,0,2001-04-10,0,below_detection
8,2001,4,18,13.3,1090,1252.54,2001-04-18,1252.5408,ok
9,2001,5,8,7.02,0,0,2001-05-08,0,below_detection
10,2001,5,23,15.5,2120,2839.1,2001-05-23,2839.1040000000003,ok
11,2001,6,6,17.7,987,1509.4,2001-06-06,1509.39936,ok
12,2001,6,19,25.6,1760,3892.84,2001-06-19,3892.8384,ok
13,2001,7,16,34.2,740,2186.61,2001-07-16,2186.6112000000003,ok
14,2001,7,26,20.1,0,0,2001-07-26,0,below_detection
15,2001,7,30,33.6,10900,31643.14,2001-07-30,31643.136000000002,ok
16,2001,8,9,23.3,6300,1268.2,2001-08-09,12682.656,ssl_inconsistent
17,2001,8,16,15.9,0,0,2001-08-16,0,below_detection
18,2001,8,28,14.6,0,0,2001-08-28,0,below_detection
19,2001,9,18,47.2,0,0,2001-09-18,0,below_detection
20,2001,9,24,157,0,0,2001-09-24,0,below_detection
21,2001,9,27,443,14400,551162.88,2001-09-27,551162.88,ok
22,2001,10,16,36.4,0,0,2001-10-16,0,below_detection
23,2001,10,30,17.8,0,0,2001-10-30,0,below_detection
24,2001,11,6,15.2,0,0,2001-11-06,0,below_detection
25,2001,11,13,12.7,0,0,2001-11-13,0,below_detection
26,2001,11,27,10.2,0,0,2001-11-27,0,below_detection
27,2001,12,6,9.66,0,0,2001-12-06,0,below_detection
28,2001,12,13,12.2,0,0,2001-12-13,0,below_detection
29,2001,12,24,10.6,0,0,2001-12-24,0,below_detection
1,2000,1,4,7.93,0,0,2000-01-04,0,below_detection
2,2000,1,18,8.46,0,0,2000-01-18,0,below_detection
3,2000,2,9,7.49,0,0,2000-02-09,0,below_detection
4,2000,2,18,6.84,0,0,2000-02-18,0,below_detection
5,2000,3,3,10.1,0,0,2000-03-03,0,below_detection
6,2000,3,15,7.88,0,0,2000-03-15,0,below_detection
7,2000,4,5,5.68,0,0,2000-04-05,0,below_detection
8,2000,4,22,7.71,0,0,2000-04-22,0,below_detection
9,2000,5,2,6.29,0,0,2000-05-02,0,below_detection
10,2000,5,17,6.98,0,0,2000-05-17,0,below_detection
11,2000,6,7,7.25,0,0,2000-06-07,0,below_detection
12,2000,6,15,13.1,773,874.91,2000-06-15,874.91232,ok
13,2000,7,6,8.52,0,0,2000-07-06,0,below_detection
14,2000,7,9,154,14800,196922.88,2000-07-09,196922.88,ok
15,2000,7,22,14.1,2950,3593.81,2000-07-22,3593.808,ok
16,2000,8,4,11.4,3310,3260.22,2000-08-04,3260.2176,ok
17,2000,8,15,11.2,2250,2177.28,2000-08-15,2177.28,ok
18,2000,8,22,12.7,2600,2852.93,2000-08-22,2852.9280000000003,ok
19,2000,9,8,27.7,3040,7275.57,2000-09-08,7275.5712,ok
20,2000,9,19,18.2,3480,5472.23,2000-09-19,5472.2304,ok
21,2000,9,26,11.5,2760,2742.34,2000-09-26,2742.3360000000002,ok
22,2000,10,3,10.2,1350,1189.73,2000-10-03,1189.7279999999998,ok
23,2000,10,13,19,934,1533.25,2000-10-13,1533.2544,ok
24,2000,10,20,22.4,9650,18676.22,2000-10-20,18676.224000000002,ok
25,2000,10,27,20.9,4360,7873.11,2000-10-27,7873.113600000001,ok
26,2000,11,2,186,38500,618710.4,2000-11-02,618710.4,ok
27,2000,11,14,30.9,3410,9103.88,2000-11-14,9103.8816,ok
28,2000,11,24,17.1,2590,3826.57,2000-11-24,3826.5696000000007,ok
29,2000,12,5,15.4,1130,1503.53,2000-12-05,1503.5328000000002,ok
30,2000,12,19,14.4,726,903.26,2000-12-19,903.26016,ok
1,1999,1,6,12.2,1260,1328.14,1999-01-06,1328.1408000000001,ok
2,1999,1,15,11.4,669,658.94,1999-01-15,658.9382400000001,ok
3,1999,2,3,11.6,1820,1824.08,1999-02-03,1824.0768,ok
4,1999,2,23,6.14,0,0,1999-02-23,0,below_detection
5,1999,3,3,7.68,0,0,1999-03-03,0,below_detection
6,1999,3,16,5.54,0,0,1999-03-16,0,below_detection
7,1999,4,8,5.51,0,0,1999-04-08,0,below_detection
8,1999,4,20,4.56,0,0,1999-04-20,0,below_detection
9,1999,5,5,7.33,0,0,1999-05-05,0,below_detection
10,1999,5,18,7.71,0,0,1999-05-18,0,below_detection
11,1999,6,2,9.43,0,0,1999-06-02,0,below_detection
12,1999,6,7,383,13300,440112.96,1999-06-07,440112.96,ok
13,1999,6,22,28.8,5730,14258.07,1999-06-22,14258.073600000002,ok
14,1999,7,6,25.1,5770,12513.05,1999-07-06,12513.052800000001,ok
15,1999,7,15,15.8,4850,6620.83,1999-07-15,6620.832,ok
16,1999,7,22,11,3640,3459.46,1999-07-22,3459.456,ok
17,1999,8,5,22.2,4910,9417.77,1999-08-05,9417.7728,ok
18,1999,8,19,18.8,716,1163.01,1999-08-19,1163.01312,ok
19,1999,8,26,42.7,4190,15458.08,1999-08-26,15458.083200000001,ok
20,1999,9,2,15,2960,3836.16,1999-09-02,3836.1600000000003,ok
21,1999,9,9,29.2,1970,4970.07,1999-09-09,4970.073600000001,ok
22,1999,9,21,28.2,3540,8625.14,1999-09-21,8625.1392,ok
23,1999,9,28,20.3,2160,3788.47,1999-09-28,3788.4672,ok
24,1999,10,5,21.3,9180,16894.14,1999-10-05,16894.137600000002,ok
25,1999,10,19,18.1,2160,3377.89,1999-10-19,3377.8944,ok
26,1999,11,2,12,0,0,1999-11-02,0,below_detection
27,1999,11,10,16.3,0,0,1999-11-10,0,below_detection
28,1999,11,19,10.2,0,0,1999-11-19,0,below_detection
29,1999,12,1,9.94,278,238.75,1999-12-01,238.750848,ok
30,1999,12,14,9.04,0,0,1999-12-14,0,below_detection
1,1998,8,12,46.23,103,411.37,1998-08-12,411.410016,ok
2,1998,9,17,35.8,202,624.86,1998-09-17,624.81024,ok
3,1998,9,24,139,1172,14075.35,1998-09-24,14075.2512,ok
1,1997,1,7,9.57,0,0,1997-01-07,0,below_detection
2,1997,1,21,8.98,0,0,1997-01-21,0,below_detection
3,1997,2,4,19.3,1600,2668.03,1997-02-04,2668.032,ok
4,1997,2,21,16.7,0,0,1997-02-21,0,below_detection
5,1997,3,5,9.76,0,0,1997-03-05,0,below_detection
6,1997,3,18,6.41,0,0,1997-03-18,0,below_detection
7,1997,4,8,7.04,0,0,1997-04-08,0,below_detection
8,1997,4,17,9.96,0,0,1997-04-17,0,below_detection
9,1997,5,3,7.14,0,0,1997-05-03,0,below_detection
10,1997,5,20,5.73,0,0,1997-05-20,0,below_detection
11,1997,6,4,5.78,0,0,1997-06-04,0,below_detection
12,1997,6,17,17.4,0,0,1997-06-17,0,below_detection
13,1997,7,3,20.7,0,0,1997-07-03,0,below_detection
14,1997,7,16,10.1,519,452.9,1997-07-16,452.90015999999997,ok
15,1997,7,22,8.52,0,0,1997-07-22,0,below_detection
16,1997,7,29,7.14,0,0,1997-07-29,0,below_detection
17,1997,8,6,10.8,174,162.36,1997-08-06,162.36288000000002,ok
18,1997,8,12,8.95,0,0,1997-08-12,0,below_detection
19,1997,8,19,8.29,0,0,1997-08-19,0,below_detection
20,1997,8,26,7.28,0,0,1997-08-26,0,below_detection
21,1997,8,30,70.2,2560,15527.12,1997-08-30,15527.116800000002,ok
22,1997,9,3,21.8,0,0,1997-09-03,0,below_detection
23,1997,9,12,18.4,334,530.98,1997-09-12,530.97984,ok
24,1997,9,23,12.5,0,0,1997-09-23,0,below_detection
25,1997,10,2,12.7,0,0,1997-10-02,0,below_detection
26,1997,10,17,11.1,0,0,1997-10-17,0,below_detection
27,1997,11,4,9.69,0,0,1997-11-04,0,below_detection
28,1997,11,14,7.4,0,0,1997-11-14,0,below_detection
29,1997,12,2,6.68,0,0,1997-12-02,0,below_detection
30,1997,12,17,5.66,0,0,1997-12-17,0,below_detection
1,1996,1,5,6,0,0,1996-01-05,0,below_detection
2,1996,1,17,5.82,0,0,1996-01-17,0,below_detection
3,1996,2,3,6.38,0,0,1996-02-03,0,below_detection
4,1996,2,15,5.69,0,0,1996-02-15,0,below_detection
5,1996,3,5,6.01,0,0,1996-03-05,0,below_detection
6,1996,3,14,5.9,0,0,1996-03-14,0,below_detection
7,1996,4,7,6.02,0,0,1996-04-07,0,below_detection
8,1996,4,17,5.61,0,0,1996-04-17,0,below_detection
9,1996,5,3,6.23,0,0,1996-05-03,0,below_detection
10,1996,5,13,8.96,0,0,1996-05-13,0,below_detection
11,1996,5,22,15.3,0,0,1996-05-22,0,below_detection
12,1996,6,6,8.86,0,0,1996-06-06,0,below_detection
13,1996,6,12,8.38,0,0,1996-06-12,0,below_detection
14,1996,6,24,6.87,0,0,1996-06-24,0,below_detection
15,1996,7,2,6.66,0,0,1996-07-02,0,below_detection
16,1996,7,17,6.31,0,0,1996-07-17,0,below_detection
17,1996,7,26,454,7620,298899.07,1996-07-26,298899.07200000004,ok
18,1996,7,28,117,1150,11625.12,1996-07-28,11625.12,ok
19,1996,8,2,76.5,1830,12095.57,1996-08-02,12095.568000000001,ok
20,1996,8,12,19.5,524,882.84,1996-08-12,882.8352000000001,ok
21,1996,8,21,16,53,73.27,1996-08-21,73.2672,ok
22,1996,9,3,15.3,459,606.76,1996-09-03,606.76128,ok
23,1996,9,12,20.6,224,398.68,1996-09-12,398.6841600000001,ok
24,1996,9,23,12.7,0,0,1996-09-23,0,below_detection
25,1996,10,2,12.1,0,0,1996-10-02,0,below_detection
26,1996,10,14,20.1,255,442.84,1996-10-14,442.8432,ok
27,1996,11,5,23.9,141,291.16,1996-11-05,291.15936,ok
28,1996,11,12,81.8,697,4926.06,1996-11-12,4926.06144,ok
29,1996,12,8,14.4,0,0,1996-12-08,0,below_detection
30,1996,12,14,11.4,0,0,1996-12-14,0,below_detection
1,1995,1,5,7.94,0,0,1995-01-05,0,below_detection
2,1995,1,17,7.01,0,0,1995-01-17,0,below_detection
3,1995,2,8,6.86,0,0,1995-02-08,0,below_detection
4,1995,2,22,9.56,0,0,1995-02-22,0,below_detection
5,1995,3,9,7.18,0,0,1995-03-09,0,below_detection
6,1995,3,21,6.97,0,0,1995-03-21,0,below_detection
7,1995,4,8,8.34,0,0,1995-04-08,0,below_detection
8,1995,4,18,5.03,0,0,1995-04-18,0,below_detection
9,1995,5,3,3.86,0,0,1995-05-03,0,below_detection
10,1995,5,12,4.93,0,0,1995-05-12,0,below_detection
11,1995,5,24,5.57,0,0,1995-05-24,0,below_detection
12,1995,6,7,8.01,0,0,1995-06-07,0,below_detection
13,1995,6,11,18.3,240,379.47,1995-06-11,379.46880000000004,ok
14,1995,6,24,7.8,0,0,1995-06-24,0,below_detection
15,1995,7,5,6.72,0,0,1995-07-05,0,below_detection
16,1995,7,14,13.3,114,131,1995-07-14,130.99968,ok
17,1995,7,25,9.35,0,0,1995-07-25,0,below_detection
18,1995,8,2,67.6,580,3387.57,1995-08-02,3387.5712000000003,ok
19,1995,8,11,30.9,0,0,1995-08-11,0,below_detection
20,1995,8,22,14.9,0,0,1995-08-22,0,below_detection
21,1995,9,1,212,7180,131514.62,1995-09-01,131514.624,ok
22,1995,9,12,23.7,0,0,1995-09-12,0,below_detection
23,1995,9,22,212,3580,65574.14,1995-09-22,65574.144,ok
24,1995,10,4,25.4,0,0,1995-10-04,0,below_detection
25,1995,10,13,25.7,0,0,1995-10-13,0,below_detection
26,1995,10,24,13.8,0,0,1995-10-24,0,below_detection
27,1995,11,3,10.8,0,0,1995-11-03,0,below_detection
28,1995,11,21,9.59,0,0,1995-11-21,0,below_detection
29,1995,12,6,8.36,0,0,1995-12-06,0,below_detection
30,1995,12,22,7.08,0,0,1995-12-22,0,below_detection
1,1994,1,6,6.33,0,0,1994-01-06,0,below_detection
2,1994,1,17,7.74,0,0,1994-01-17,0,below_detection
3,1994,2,3,6.79,0,0,1994-02-03,0,below_detection
4,1994,2,17,10.5,0,0,1994-02-17,0,below_detection
5,1994,3,3,9.13,0,0,1994-03-03,0,below_detection
6,1994,3,16,7.12,0,0,1994-03-16,0,below_detection
7,1994,4,8,5.4,0,0,1994-04-08,0,below_detection
8,1994,4,18,5.13,0,0,1994-04-18,0,below_detection
9,1994,5,2,4.8,0,0,1994-05-02,0,below_detection
10,1994,5,16,5.03,0,0,1994-05-16,0,below_detection
11,1994,5,24,4.98,0,0,1994-05-24,0,below_detection
12,1994,6,2,21.4,465,859.77,1994-06-02,859.7664000000001,ok
13,1994,6,9,7.77,0,0,1994-06-09,0,below_detection
14,1994,6,23,6.46,0,0,1994-06-23,0,below_detection
15,1994,7,5,5.2,0,0,1994-07-05,0,below_detection
16,1994,7,12,139,5900,70856.64,1994-07-12,70856.64,ok
17,1994,7,22,23.5,642,1303.52,1994-07-22,1303.5168,ok
18,1994,8,3,19.3,1040,1734.22,1994-08-03,1734.2208,ok
19,1994,8,5,122,1940,20449.15,1994-08-05,20449.152000000002,ok
20,1994,8,9,67.4,578,3365.9,1994-08-09,3365.9020800000008,ok
21,1994,8,22,19.6,0,0,1994-08-22,0,below_detection
22,1994,9,2,12.3,0,0,1994-09-02,0,below_detection
23,1994,9,12,11.6,0,0,1994-09-12,0,below_detection
24,1994,9,22,12.1,0,0,1994-09-22,0,below_detection
25,1994,10,4,9.78,0,0,1994-10-04,0,below_detection
26,1994,10,9,12.6,0,0,1994-10-09,0,below_detection
27,1994,11,3,7.04,0,0,1994-11-03,0,below_detection
28,1994,11,21,5.74,0,0,1994-11-21,0,below_detection
29,1994,12,6,6.42,0,0,1994-12-06,0,below_detection
30,1994,12,22,8.43,0,0,1994-12-22,0,below_detection
1,1993,1,5,5.99,0,0,1993-01-05,0,below_detection
2,1993,1,14,5.44,0,0,1993-01-14,0,below_detection
3,1993,2,3,5.26,0,0,1993-02-03,0,below_detection
4,1993,2,19,4.84,0,0,1993-02-19,0,below_detection
5,1993,3,3,5.08,0,0,1993-03-03,0,below_detection
6,1993,3,17,7.3,0,0,1993-03-17,0,below_detection
7,1993,4,7,5.3,0,0,1993-04-07,0,below_detection
8,1993,4,14,9.67,0,0,1993-04-14,0,below_detection
9,1993,5,5,5.84,0,0,1993-05-05,0,below_detection
10,1993,5,13,4.55,0,0,1993-05-13,0,below_detection
11,1993,5,25,7.96,0,0,1993-05-25,0,below_detection
12,1993,6,3,7.63,0,0,1993-06-03,0,below_detection
13,1993,6,18,7.61,0,0,1993-06-18,0,below_detection
14,1993,7,3,6.35,0,0,1993-07-03,0,below_detection
15,1993,7,13,5.33,0,0,1993-07-13,0,below_detection
16,1993,7,22,8.42,0,0,1993-07-22,0,below_detection
17,1993,8,4,6.7,0,0,1993-08-04,0,below_detection
18,1993,8,13,7.88,4540,3090.98,1993-08-13,3090.97728,ok
19,1993,8,20,6.43,1670,927.77,1993-08-20,927.7718400000001,ok
20,1993,9,3,6.23,0,0,1993-09-03,0,below_detection
21,1993,9,10,5.41,0,0,1993-09-10,0,below_detection
22,1993,9,14,58.6,6470,32757.87,1993-09-14,32757.8688,ok
23,1993,9,25,36.5,0,0,1993-09-25,0,below_detection
24,1993,10,3,22.1,0,0,1993-10-03,0,below_detection
25,1993,10,19,12.6,0,0,1993-10-19,0,below_detection
26,1993,10,27,9.47,0,0,1993-10-27,0,below_detection
27,1993,11,4,14.3,0,0,1993-11-04,0,below_detection
28,1993,11,22,8.7,0,0,1993-11-22,0,below_detection
29,1993,12,3,11.3,0,0,1993-12-03,0,below_detection
30,1993,12,15,8.25,0,0,1993-12-15,0,below_detection
1,1992,1,5,11.2,0,0,1992-01-05,0,below_detection
2,1992,1,16,9.54,0,0,1992-01-16,0,below_detection
3,1992,1,30,9.07,0,0,1992-01-30,0,below_detection
4,1992,2,18,21.3,1100,2024.35,1992-02-18,2024.352,ok
5,1992,3,3,11.9,0,0,1992-03-03,0,below_detection
6,1992,3,19,8.75,0,0,1992-03-19,0,below_detection
7,1992,4,2,7.24,0,0,1992-04-02,0,below_detection
8,1992,4,25,13,0,0,1992-04-25,0,below_detection
9,1992,5,3,9.07,0,0,1992-05-03,0,below_detection
10,1992,5,12,8.36,0,0,1992-05-12,0,below_detection
11,1992,5,30,8.29,0,0,1992-05-30,0,below_detection
12,1992,6,3,8.7,0,0,1992-06-03,0,below_detection
13,1992,6,12,6.15,0,0,1992-06-12,0,below_detection
14,1992,6,23,5.37,0,0,1992-06-23,0,below_detection
15,1992,7,3,5.48,0,0,1992-07-03,0,below_detection
16,1992,7,10,5.91,0,0,1992-07-10,0,below_detection
17,1992,7,21,5.33,0,0,1992-07-21,0,below_detection
18,1992,8,3,5.18,0,0,1992-08-03,0,below_detection
19,1992,8,11,6.26,0,0,1992-08-11,0,below_detection
20,1992,8,18,24.5,6770,14330.74,1992-08-18,14330.736,ok
21,1992,8,29,48.4,4580,19152.46,1992-08-29,19152.4608,ok
22,1992,8,30,283,7200,176048.64,1992-08-30,176048.64,ok
23,1992,9,5,227,1770,34714.66,1992-09-05,34714.656,ok
24,1992,9,17,31.1,282,757.75,1992-09-17,757.7452800000001,ok
25,1992,9,21,414,16000,572313.6,1992-09-21,572313.6,ok
26,1992,10,7,22.4,4580,8863.95,1992-10-07,8863.9488,ok
27,1992,10,19,18.6,0,0,1992-10-19,0,below_detection
28,1992,11,3,10.6,0,0,1992-11-03,0,below_detection
29,1992,11,18,16,0,0,1992-11-18,0,below_detection
30,1992,12,3,7.89,0,0,1992-12-03,0,below_detection
31,1992,12,16,7.03,0,0,1992-12-16,0,below_detection
1,1991,1,3,6.8,0,0,1991-01-03,0,below_detection
2,1991,1,15,7.5,0,0,1991-01-15,0,below_detection
3,1991,2,3,7.95,0,0,1991-02-03,0,below_detection
4,1991,2,24,7.37,0,0,1991-02-24,0,below_detection
5,1991,3,3,7.58,0,0,1991-03-03,0,below_detection
6,1991,3,13,7.31,0,0,1991-03-13,0,below_detection
7,1991,4,2,8.26,0,0,1991-04-02,0,below_detection
8,1991,4,15,5.39,0,0,1991-04-15,0,below_detection
9,1991,5,3,6.16,0,0,1991-05-03,0,below_detection
10,1991,5,15,5.51,0,0,1991-05-15,0,below_detection
11,1991,6,3,2.98,0,0,1991-06-03,0,below_detection
12,1991,6,18,3.65,0,0,1991-06-18,0,below_detection
13,1991,6,25,9.71,413,346.48,1991-06-25,346.4838720000001,ok
14,1991,7,3,5.87,0,0,1991-07-03,0,below_detection
15,1991,7,12,4.81,0,0,1991-07-12,0,below_detection
16,1991,7,20,103,5000,44496,1991-07-20,44496,ok
17,1991,7,26,27.1,3370,7890.65,1991-07-26,7890.652800000001,ok
18,1991,8,3,18.7,2570,4152.3,1991-08-03,4152.2976,ok
19,1991,8,14,9.63,0,0,1991-08-14,0,below_detection
20,1991,8,21,8.39,0,0,1991-08-21,0,below_detection
21,1991,9,3,6.79,0,0,1991-09-03,0,below_detection
22,1991,9,10,10.6,0,0,1991-09-10,0,below_detection
23,1991,9,20,40,6060,20943.36,1991-09-20,20943.36,ok
24,1991,9,24,213,9940,182927.81,1991-09-24,182927.80800000002,ok
25,1991,10,2,129,8010,89276.26,1991-10-02,89276.25600000001,ok
26,1991,10,18,19.2,0,0,1991-10-18,0,below_detection
27,1991,10,30,102,10400,91653.12,1991-10-30,91653.12000000001,ok
28,1991,11,3,36,0,0,1991-11-03,0,below_detection
29,1991,12,3,12.2,0,0,1991-12-03,0,below_detection
30,1991,12,17,10.8,0,0,1991-12-17,0,below_detection
1,1990,1,5,16.4,0,0,1990-01-05,0,below_detection
2,1990,1,18,12.7,0,0,1990-01-18,0,below_detection
3,1990,2,2,11.6,0,0,1990-02-02,0,below_detection
4,1990,2,14,6.8,0,0,1990-02-14,0,below_detection
5,1990,3,2,8.01,0,0,1990-03-02,0,below_detection
6,1990,3,16,7,0,0,1990-03-16,0,below_detection
7,1990,4,2,6.49,0,0,1990-04-02,0,below_detection
8,1990,4,14,8.26,0,0,1990-04-14,0,below_detection
9,1990,4,24,19.3,352,586.97,1990-04-24,586.9670400000001,ok
10,1990,5,2,12.9,0,0,1990-05-02,0,below_detection
11,1990,5,18,10.4,0,0,1990-05-18,0,below_detection
12,1990,5,19,51.7,1650,7370.35,1990-05-19,7370.352000000001,ok
13,1990,6,1,29.2,437,1102.5,1990-06-01,1102.49856,ok
14,1990,6,16,14.6,0,0,1990-06-16,0,below_detection
15,1990,6,24,176,5820,88501.25,1990-06-24,88501.248,ok
16,1990,7,3,32.1,231,640.66,1990-07-03,640.6646400000001,ok
17,1990,7,13,18.8,0,0,1990-07-13,0,below_detection
18,1990,7,24,14.1,0,0,1990-07-24,0,below_detection
19,1990,8,3,36.2,0,0,1990-08-03,0,below_detection
20,1990,8,10,16,0,0,1990-08-10,0,below_detection
21,1990,8,21,21.2,155,283.91,1990-08-21,283.91040000000004,ok
22,1990,9,1,20,0,0,1990-09-01,0,below_detection
23,1990,9,7,310,7180,192309.12,1990-09-07,192309.12000000002,ok
24,1990,9,21,34.6,3280,9805.36,1990-09-21,9805.3632,ok
25,1990,10,2,26.4,2720,6204.21,1990-10-02,6204.211200000001,ok
26,1990,10,20,19.6,0,0,1990-10-20,0,below_detection
27,1990,10,25,13.6,0,0,1990-10-25,0,below_detection
28,1990,11,4,12.7,0,0,1990-11-04,0,below_detection
29,1990,11,17,10.6,0,0,1990-11-17,0,below_detection
30,1990,12,2,9.15,0,0,1990-12-02,0,below_detection
31,1990,12,14,7.85,0,0,1990-12-14,0,below_detection
1,1989,1,4,6.91,0,0,1989-01-04,0,below_detection
2,1989,1,17,6.4,0,0,1989-01-17,0,below_detection
3,1989,2,3,6,0,0,1989-02-03,0,below_detection
4,1989,2,15,5.9,0,0,1989-02-15,0,below_detection
5,1989,3,3,5.8,0,0,1989-03-03,0,below_detection
6,1989,3,16,4.91,0,0,1989-03-16,0,below_detection
7,1989,4,3,6.94,0,0,1989-04-03,0,below_detection
8,1989,4,18,8.1,0,0,1989-04-18,0,below_detection
9,1989,5,2,7.9,0,0,1989-05-02,0,below_detection
10,1989,5,15,6.5,0,0,1989-05-15,0,below_detection
11,1989,6,1,20.5,2490,4410.29,1989-06-01,4410.2880000000005,ok
12,1989,6,19,13.3,0,0,1989-06-19,0,below_detection
13,1989,7,2,10.6,0,0,1989-07-02,0,below_detection
14,1989,7,11,10.3,0,0,1989-07-11,0,below_detection
15,1989,7,17,15.7,0,0,1989-07-17,0,below_detection
16,1989,7,25,13.4,0,0,1989-07-25,0,below_detection
17,1989,8,1,24.6,1840,3910.81,1989-08-01,3910.8096,ok
18,1989,8,11,14.3,0,0,1989-08-11,0,below_detection
19,1989,8,21,15,0,0,1989-08-21,0,below_detection
20,1989,9,2,14.5,0,0,1989-09-02,0,below_detection
21,1989,9,11,60.5,10600,55408.32,1989-09-11,55408.32,ok
22,1989,9,18,36.2,0,0,1989-09-18,0,below_detection
23,1989,9,19,38.4,0,0,1989-09-19,0,below_detection
24,1989,10,13,17.1,0,0,1989-10-13,0,below_detection
25,1989,10,19,15,0,0,1989-10-19,0,below_detection
26,1989,10,30,49.1,0,0,1989-10-30,0,below_detection
27,1989,11,3,11.8,0,0,1989-11-03,0,below_detection
28,1989,11,20,9.82,0,0,1989-11-20,0,below_detection
29,1989,12,1,12,0,0,1989-12-01,0,below_detection
30,1989,12,15,10.7,0,0,1989-12-15,0,below_detection
1,1988,1,4,9.98,0,0,1988-01-04,0,below_detection
2,1988,1,19,20.7,0,0,1988-01-19,0,below_detection
3,1988,2,3,12.8,0,0,1988-02-03,0,below_detection
4,1988,2,13,8.73,0,0,1988-02-13,0,below_detection
5,1988,3,3,8.37,0,0,1988-03-03,0,below_detection
6,1988,3,17,8.04,0,0,1988-03-17,0,below_detection
7,1988,4,2,9.74,0,0,1988-04-02,0,below_detection
8,1988,4,15,7.19,0,0,1988-04-15,0,below_detection
9,1988,5,2,8.14,0,0,1988-05-02,0,below_detection
10,1988,5,17,5.28,0,0,1988-05-17,0,below_detection
11,1988,6,1,10.4,0,0,1988-06-01,0,below_detection
12,1988,6,14,10.8,0,0,1988-06-14,0,below_detection
13,1988,6,24,7.34,0,0,1988-06-24,0,below_detection
14,1988,7,2,5.86,0,0,1988-07-02,0,below_detection
15,1988,7,9,5.61,0,0,1988-07-09,0,below_detection
16,1988,7,18,5.67,0,0,1988-07-18,0,below_detection
17,1988,7,19,10.3,0,0,1988-07-19,0,below_detection
18,1988,8,2,5.33,0,0,1988-08-02,0,below_detection
19,1988,8,11,12.1,0,0,1988-08-11,0,below_detection
20,1988,8,19,7.71,0,0,1988-08-19,0,below_detection
21,1988,8,26,6,0,0,1988-08-26,0,below_detection
22,1988,9,2,5.13,0,0,1988-09-02,0,below_detection
23,1988,9,13,5.37,0,0,1988-09-13,0,below_detection
24,1988,9,20,41.2,0,0,1988-09-20,0,below_detection
25,1988,9,21,326,4840,136325.38,1988-09-21,136325.37600000002,ok
26,1988,10,2,52.4,0,0,1988-10-02,0,below_detection
27,1988,10,18,19.2,0,0,1988-10-18,0,below_detection
28,1988,10,26,325,4940,138715.2,1988-10-26,138715.2,ok
29,1988,11,1,29.9,331,855.09,1988-11-01,855.09216,ok
30,1988,11,15,20.6,0,0,1988-11-15,0,below_detection
31,1988,12,2,13.8,0,0,1988-12-02,0,below_detection
1,1987,1,7,11,0,0,1987-01-07,0,below_detection
2,1987,1,15,10.2,0,0,1987-01-15,0,below_detection
3,1987,2,5,7.71,0,0,1987-02-05,0,below_detection
4,1987,2,18,6.58,0,0,1987-02-18,0,below_detection
5,1987,3,3,8.36,0,0,1987-03-03,0,below_detection
6,1987,3,18,12.9,0,0,1987-03-18,0,below_detection
7,1987,4,3,6.93,0,0,1987-04-03,0,below_detection
8,1987,4,21,8.12,0,0,1987-04-21,0,below_detection
9,1987,5,3,7.46,0,0,1987-05-03,0,below_detection
10,1987,5,19,7.04,0,0,1987-05-19,0,below_detection
11,1987,6,3,8.5,0,0,1987-06-03,0,below_detection
12,1987,6,6,10.1,0,0,1987-06-06,0,below_detection
13,1987,6,18,32.1,0,0,1987-06-18,0,below_detection
14,1987,7,3,15.7,0,0,1987-07-03,0,below_detection
15,1987,7,14,7.69,0,0,1987-07-14,0,below_detection
16,1987,7,23,7.1,0,0,1987-07-23,0,below_detection
17,1987,7,28,25.6,0,0,1987-07-28,0,below_detection
18,1987,8,1,16.7,0,0,1987-08-01,0,below_detection
19,1987,8,11,9.7,0,0,1987-08-11,0,below_detection
20,1987,8,18,8.46,0,0,1987-08-18,0,below_detection
21,1987,8,24,7.57,0,0,1987-08-24,0,below_detection
22,1987,9,2,7.84,0,0,1987-09-02,0,below_detection
23,1987,9,9,287,1570,38930.98,1987-09-09,38930.976,ok
24,1987,9,18,50.2,0,0,1987-09-18,0,below_detection
25,1987,10,2,15,0,0,1987-10-02,0,below_detection
26,1987,10,16,10.2,0,0,1987-10-16,0,below_detection
27,1987,10,26,294,2205,56010.53,1987-10-26,56010.528000000006,ok
28,1987,11,4,29.6,182,465.45,1987-11-04,465.45408000000003,ok
29,1987,11,17,20,0,0,1987-11-17,0,below_detection
30,1987,12,2,15.8,0,0,1987-12-02,0,below_detection
31,1987,12,16,13.5,0,0,1987-12-16,0,below_detection
1,1986,1,5,6.87,0,0,1986-01-05,0,below_detection
2,1986,1,15,8.65,0,0,1986-01-15,0,below_detection
3,1986,2,4,7.63,0,0,1986-02-04,0,below_detection
4,1986,2,18,8.31,0,0,1986-02-18,0,below_detection
5,1986,3,2,11.5,0,0,1986-03-02,0,below_detection
6,1986,3,17,7.37,0,0,1986-03-17,0,below_detection
7,1986,4,2,7.95,0,0,1986-04-02,0,below_detection
8,1986,4,16,6.27,0,0,1986-04-16,0,below_detection
9,1986,5,2,5.81,0,0,1986-05-02,0,below_detection
10,1986,5,16,9.84,0,0,1986-05-16,0,below_detection
11,1986,5,24,26.8,424,981.78,1986-05-24,981.7804800000001,ok
12,1986,6,2,24.2,0,0,1986-06-02,0,below_detection
13,1986,6,12,31,3400,9106.56,1986-06-12,9106.560000000001,ok
14,1986,6,25,33.5,3970,11490.77,1986-06-25,11490.768,ok
15,1986,7,2,20.7,0,0,1986-07-02,0,below_detection
16,1986,7,11,462,5600,223534.08,1986-07-11,223534.08000000002,ok
17,1986,7,12,268,2630,60898.18,1986-07-12,60898.17600000001,ok
18,1986,7,24,23.5,825,1675.08,1986-07-24,1675.0800000000002,ok
19,1986,8,1,12.7,0,0,1986-08-01,0,below_detection
20,1986,8,19,9.93,0,0,1986-08-19,0,below_detection
21,1986,8,22,28.6,0,0,1986-08-22,0,below_detection
22,1986,8,25,61.2,402,2125.65,1986-08-25,2125.6473600000004,ok
23,1986,9,1,11.4,0,0,1986-09-01,0,below_detection
24,1986,9,17,16,0,0,1986-09-17,0,below_detection
25,1986,9,20,97.9,811,6859.89,1986-09-20,6859.892160000001,ok
26,1986,10,3,17.5,0,0,1986-10-03,0,below_detection
27,1986,10,21,11.6,0,0,1986-10-21,0,below_detection
28,1986,11,3,11.7,0,0,1986-11-03,0,below_detection
29,1986,11,14,7.88,0,0,1986-11-14,0,below_detection
30,1986,12,4,16.4,0,0,1986-12-04,0,below_detection
31,1986,12,15,13.2,0,0,1986-12-15,0,below_detection
1,1985,1,5,6.87,0,0,1985-01-05,0,below_detection
2,1985,1,15,8.65,0,0,1985-01-15,0,below_detection
3,1985,2,4,7.63,0,0,1985-02-04,0,below_detection
4,1985,2,18,8.31,0,0,1985-02-18,0,below_detection
5,1985,3,2,11.5,0,0,1985-03-02,0,below_detection
6,1985,3,17,7.37,0,0,1985-03-17,0,below_detection
7,1985,4,2,7.95,0,0,1985-04-02,0,below_detection
8,1985,4,16,6.27,0,0,1985-04-16,0,below_detection
9,1985,5,2,5.81,0,0,1985-05-02,0,below_detection
10,1985,5,16,9.84,0,0,1985-05-16,0,below_detection
11,1985,5,24,26.8,424,981.78,1985-05-24,981.7804800000001,ok
12,1985,6,2,24.2,0,0,1985-06-02,0,below_detection
13,1985,6,12,31,3400,9106.56,1985-06-12,9106.560000000001,ok
14,1985,6,25,33.5,3970,11490.77,1985-06-25,11490.768,ok
15,1985,7,2,20.7,0,0,1985-07-02,0,below_detection
16,1985,7,11,462,5600,223534.08,1985-07-11,223534.08000000002,ok
17,1985,7,12,268,2630,60898.18,1985-07-12,60898.17600000001,ok
18,1985,7,24,23.5,825,1675.08,1985-07-24,1675.0800000000002,ok
19,1985,8,1,12.7,0,0,1985-08-01,0,below_detection
20,1985,8,19,9.93,0,0,1985-08-19,0,below_detection
21,1985,8,22,28.6,0,0,1985-08-22,0,below_detection
22,1985,8,25,61.2,402,2125.65,1985-08-25,2125.6473600000004,ok
23,1985,9,1,11.4,0,0,1985-09-01,0,below_detection
24,1985,9,17,16,0,0,1985-09-17,0,below_detection
25,1985,9,20,97.9,811,6859.89,1985-09-20,6859.892160000001,ok
26,1985,10,3,17.5,0,0,1985-10-03,0,below_detection
27,1985,10,21,11.6,0,0,1985-10-21,0,below_detection
28,1985,11,3,11.7,0,0,1985-11-03,0,below_detection
29,1985,11,14,7.88,0,0,1985-11-14,0,below_detection
30,1985,12,4,16.4,0,0,1985-12-04,0,below_detection
31,1985,12,15,13.2,0,0,1985-12-15,0,below_detection
1,1984,1,17,7.34,0,0,1984-01-17,0,below_detection
2,1984,1,27,6.82,0,0,1984-01-27,0,below_detection
3,1984,2,7,6.58,0,0,1984-02-07,0,below_detection
4,1984,2,29,7.1,0,0,1984-02-29,0,below_detection
5,1984,3,8,6.58,0,0,1984-03-08,0,below_detection
6,1984,3,22,6.52,0,0,1984-03-22,0,below_detection
7,1984,4,3,7.23,0,0,1984-04-03,0,below_detection
8,1984,4,19,6.54,0,0,1984-04-19,0,below_detection
9,1984,5,4,11.1,0,0,1984-05-04,0,below_detection
10,1984,5,23,7.96,0,0,1984-05-23,0,below_detection
11,1984,6,7,14.4,20,24.88,1984-06-07,24.883200000000002,ok
12,1984,6,25,21.7,0,0,1984-06-25,0,below_detection
13,1984,7,2,20.1,0,0,1984-07-02,0,below_detection
14,1984,7,4,48.6,2431,10207.87,1984-07-04,10207.866240000001,ok
15,1984,7,25,10.2,0,0,1984-07-25,0,below_detection
16,1984,8,3,7.73,0,0,1984-08-03,0,below_detection
17,1984,8,9,12,0,0,1984-08-09,0,below_detection
18,1984,8,14,153,1885,24918.19,1984-08-14,24918.192000000003,ok
19,1984,8,22,77.5,0,0,1984-08-22,0,below_detection
20,1984,8,30,310,2958,79227.07,1984-08-30,79227.072,ok
21,1984,8,31,249,3126,67251.51,1984-08-31,67251.5136,ok
22,1984,9,8,83,836,5995.12,1984-09-08,5995.1232,ok
23,1984,9,15,51.3,0,0,1984-09-15,0,below_detection
24,1984,9,22,43,0,0,1984-09-22,0,below_detection
25,1984,10,4,12.4,0,0,1984-10-04,0,below_detection
26,1984,10,16,9.1,0,0,1984-10-16,0,below_detection
27,1984,10,27,182,848,13334.63,1984-10-27,13334.6304,ok
28,1984,11,16,15.3,0,0,1984-11-16,0,below_detection
29,1984,12,4,6.33,0,0,1984-12-04,0,below_detection
30,1984,12,18,5.58,0,0,1984-12-18,0,below_detection
1,1983,1,14,7.47,0,0,1983-01-14,0,below_detection
2,1983,1,24,7.95,0,0,1983-01-24,0,below_detection
3,1983,2,23,16,0,0,1983-02-23,0,below_detection
4,1983,3,8,18.7,0,0,1983-03-08,0,below_detection
5,1983,3,17,18.6,0,0,1983-03-17,0,below_detection
6,1983,4,16,11,0,0,1983-04-16,0,below_detection
7,1983,4,26,8.97,0,0,1983-04-26,0,below_detection
8,1983,5,11,10.7,0,0,1983-05-11,0,below_detection
9,1983,5,26,9.3,0,0,1983-05-26,0,below_detection
10,1983,6,17,7.12,0,0,1983-06-17,0,below_detection
11,1983,6,28,10.1,0,0,1983-06-28,0,below_detection
12,1983,7,8,6.45,0,0,1983-07-08,0,below_detection
13,1983,7,16,6.58,0,0,1983-07-16,0,below_detection
14,1983,7,22,5.5,0,0,1983-07-22,0,below_detection
15,1983,7,26,11.6,458,459.03,1983-07-26,459.02592000000004,ok
16,1983,8,16,6.82,0,0,1983-08-16,0,below_detection
17,1983,8,24,10.4,0,0,1983-08-24,0,below_detection
18,1983,9,6,8.25,0,0,1983-09-06,0,below_detection
19,1983,9,15,7.97,0,0,1983-09-15,0,below_detection
20,1983,9,30,10.3,0,0,1983-09-30,0,below_detection
21,1983,10,8,9.97,0,0,1983-10-08,0,below_detection
22,1983,10,14,44,5127,19490.8,1983-10-14,19490.803200000002,ok
23,1983,10,29,15.5,0,0,1983-10-29,0,below_detection
24,1983,11,4,26.8,0,0,1983-11-04,0,below_detection
25,1983,11,18,11,0,0,1983-11-18,0,below_detection
26,1983,11,26,8.59,0,0,1983-11-26,0,below_detection
27,1983,12,10,6.33,0,0,1983-12-10,0,below_detection
28,1983,12,24,6.16,0,0,1983-12-24,0,below_detection
29,1983,12,30,7.34,0,0,1983-12-30,0,below_detection
1,1982,1,29,9.03,0,0,1982-01-29,0,below_detection
2,1982,2,25,7.8,0,0,1982-02-25,0,below_detection
3,1982,3,17,8.62,0,0,1982-03-17,0,below_detection
4,1982,3,27,6.07,0,0,1982-03-27,0,below_detection
5,1982,4,16,5.55,0,0,1982-04-16,0,below_detection
6,1982,4,26,6.52,0,0,1982-04-26,0,below_detection
7,1982,5,20,6.2,0,0,1982-05-20,0,below_detection
8,1982,5,28,6.26,0,0,1982-05-28,0,below_detection
9,1982,6,3,7.87,0,0,1982-06-03,0,below_detection
10,1982,6,28,6.98,0,0,1982-06-28,0,below_detection
11,1982,7,8,11.6,0,0,1982-07-08,0,below_detection
12,1982,7,14,9.72,0,0,1982-07-14,0,below_detection
13,1982,7,22,5.38,0,0,1982-07-22,0,below_detection
14,1982,8,5,108,1560,14556.67,1982-08-05,14556.672,ok
15,1982,8,18,60.8,3360,17650.48,1982-08-18,17650.483200000002,ok
16,1982,8,24,48.2,744,3098.37,1982-08-24,3098.37312,ok
17,1982,8,31,29.6,450,1150.85,1982-08-31,1150.848,ok
18,1982,9,10,15.5,0,0,1982-09-10,0,below_detection
19,1982,9,16,13.2,0,0,1982-09-16,0,below_detection
20,1982,9,24,12.2,0,0,1982-09-24,0,below_detection
21,1982,9,29,12.3,0,0,1982-09-29,0,below_detection
22,1982,10,8,8.91,0,0,1982-10-08,0,below_detection
23,1982,10,15,9.45,0,0,1982-10-15,0,below_detection
24,1982,10,30,7.32,0,0,1982-10-30,0,below_detection
25,1982,11,12,8.38,0,0,1982-11-12,0,below_detection
26,1982,11,23,6.79,0,0,1982-11-23,0,below_detection
27,1982,12,16,6.63,0,0,1982-12-16,0,below_detection
28,1982,12,29,7.6,0,0,1982-12-29,0,below_detection
1,1981,1,7,7.9,0,0,1981-01-07,0,below_detection
2,1981,1,23,7.12,0,0,1981-01-23,0,below_detection
3,1981,2,12,8.04,0,0,1981-02-12,0,below_detection
4,1981,2,27,7.92,0,0,1981-02-27,0,below_detection
5,1981,3,6,6.68,0,0,1981-03-06,0,below_detection
6,1981,3,20,12.4,721,772.45,1981-03-20,772.45056,ok
7,1981,4,9,6.77,0,0,1981-04-09,0,below_detection
8,1981,4,29,5.62,0,0,1981-04-29,0,below_detection
9,1981,5,16,7.31,0,0,1981-05-16,0,below_detection
10,1981,5,28,6.11,0,0,1981-05-28,0,below_detection
11,1981,6,11,44.1,685,2610.01,1981-06-11,2610.0144,ok
12,1981,6,27,31.9,0,0,1981-06-27,0,below_detection
13,1981,7,9,15.3,0,0,1981-07-09,0,below_detection
14,1981,7,17,18.9,0,0,1981-07-17,0,below_detection
15,1981,7,24,32.8,0,0,1981-07-24,0,below_detection
16,1981,7,30,18,0,0,1981-07-30,0,below_detection
17,1981,8,7,13.7,0,0,1981-08-07,0,below_detection
18,1981,8,13,11.7,0,0,1981-08-13,0,below_detection
19,1981,8,20,9.43,0,0,1981-08-20,0,below_detection
20,1981,8,26,9.4,0,0,1981-08-26,0,below_detection
21,1981,9,7,10.2,0,0,1981-09-07,0,below_detection
22,1981,9,12,11.6,0,0,1981-09-12,0,below_detection
23,1981,9,18,50.3,148,643.2,1981-09-18,643.19616,ok
24,1981,9,23,168,1026,14892.6,1981-09-23,14892.595200000002,ok
25,1981,10,12,20.4,0,0,1981-10-12,0,below_detection
26,1981,10,18,16.2,0,0,1981-10-18,0,below_detection
27,1981,10,29,13.9,0,0,1981-10-29,0,below_detection
28,1981,11,11,12.5,0,0,1981-11-11,0,below_detection
29,1981,11,21,10.4,0,0,1981-11-21,0,below_detection
30,1981,11,27,15.7,0,0,1981-11-27,0,below_detection
31,1981,12,11,9.72,0,0,1981-12-11,0,below_detection
1,1980,1,7,8.41,0,0,1980-01-07,0,below_detection
2,1980,1,22,7.94,0,0,1980-01-22,0,below_detection
3,1980,2,5,8.88,0,0,1980-02-05,0,below_detection
4,1980,2,22,8.88,0,0,1980-02-22,0,below_detection
5,1980,3,10,7.17,0,0,1980-03-10,0,below_detection
6,1980,3,26,5.81,0,0,1980-03-26,0,below_detection
7,1980,4,7,4.73,0,0,1980-04-07,0,below_detection
8,1980,4,22,5.69,0,0,1980-04-22,0,below_detection
9,1980,5,6,4.78,0,0,1980-05-06,0,below_detection
10,1980,5,26,8.7,0,0,1980-05-26,0,below_detection
11,1980,6,9,14.6,0,0,1980-06-09,0,below_detection
12,1980,6,21,7.79,0,0,1980-06-21,0,below_detection
13,1980,7,9,5.62,0,0,1980-07-09,0,below_detection
14,1980,7,18,6.54,0,0,1980-07-18,0,below_detection
15,1980,7,28,5.5,0,0,1980-07-28,0,below_detection
16,1980,8,5,5.32,0,0,1980-08-05,0,below_detection
17,1980,8,14,5.27,0,0,1980-08-14,0,below_detection
18,1980,8,20,4,0,0,1980-08-20,0,below_detection
19,1980,9,5,6.84,0,0,1980-09-05,0,below_detection
20,1980,9,11,5.76,0,0,1980-09-11,0,below_detection
21,1980,9,24,38.2,577,1904.38,1980-09-24,1904.3769600000003,ok
22,1980,10,7,19.93,0,0,1980-10-07,0,below_detection
23,1980,10,17,15,0,0,1980-10-17,0,below_detection
24,1980,10,24,14,0,0,1980-10-24,0,below_detection
25,1980,11,5,14.9,0,0,1980-11-05,0,below_detection
26,1980,11,18,10.7,0,0,1980-11-18,0,below_detection
27,1980,11,25,15.15,0,0,1980-11-25,0,below_detection
28,1980,12,4,10.3,0,0,1980-12-04,0,below_detection
29,1980,12,26,8.02,0,0,1980-12-26,0,below_detection
1,1979,1,9,17.3,0,0,1979-01-09,0,below_detection
2,1979,1,24,11.8,0,0,1979-01-24,0,below_detection
3,1979,2,10,8.64,0,0,1979-02-10,0,below_detection
4,1979,2,22,7.34,0,0,1979-02-22,0,below_detection
5,1979,3,5,6,0,0,1979-03-05,0,below_detection
6,1979,3,22,6.77,0,0,1979-03-22,0,below_detection
7,1979,4,7,7.55,0,0,1979-04-07,0,below_detection
8,1979,4,21,8.04,0,0,1979-04-21,0,below_detection
9,1979,5,7,7.2,0,0,1979-05-07,0,below_detection
10,1979,5,23,15.7,0,0,1979-05-23,0,below_detection
11,1979,6,6,9.56,0,0,1979-06-06,0,below_detection
12,1979,6,13,13,0,0,1979-06-13,0,below_detection
13,1979,6,25,13.4,0,0,1979-06-25,0,below_detection
14,1979,7,4,7.12,0,0,1979-07-04,0,below_detection
15,1979,7,16,7.76,0,0,1979-07-16,0,below_detection
16,1979,7,23,7.08,0,0,1979-07-23,0,below_detection
17,1979,8,4,164,283,4010,1979-08-04,4009.9968000000003,ok
18,1979,8,9,59.2,494,2526.75,1979-08-09,2526.7507200000005,ok
19,1979,8,18,20.3,802,1406.64,1979-08-18,1406.6438400000002,ok
20,1979,8,25,20.4,186,327.84,1979-08-25,327.83616,ok
21,1979,9,3,15.9,1268,1741.93,1979-09-03,1741.9276800000002,ok
22,1979,9,10,26.6,504,1158.31,1979-09-10,1158.3129600000002,ok
23,1979,9,18,17.6,0,0,1979-09-18,0,below_detection
24,1979,9,25,14.9,0,0,1979-09-25,0,below_detection
25,1979,10,2,13.7,0,0,1979-10-02,0,below_detection
26,1979,10,15,9.14,0,0,1979-10-15,0,below_detection
27,1979,10,22,9.58,0,0,1979-10-22,0,below_detection
28,1979,11,5,7.47,0,0,1979-11-05,0,below_detection
29,1979,11,14,11.2,0,0,1979-11-14,0,below_detection
30,1979,11,24,11.6,0,0,1979-11-24,0,below_detection
31,1979,12,6,8.8,0,0,1979-12-06,0,below_detection
32,1979,12,17,8.75,0,0,1979-12-17,0,below_detection
1,1978,1,7,14.2,0,0,1978-01-07,0,below_detection
2,1978,1,18,21.4,0,0,1978-01-18,0,below_detection
3,1978,2,1,14.1,0,0,1978-02-01,0,below_detection
4,1978,2,17,19.4,0,0,1978-02-17,0,below_detection
5,1978,3,8,12,0,0,1978-03-08,0,below_detection
6,1978,3,20,12.1,0,0,1978-03-20,0,below_detection
7,1978,4,6,17,0,0,1978-04-06,0,below_detection
8,1978,4,19,8.05,0,0,1978-04-19,0,below_detection
9,1978,5,2,11.2,0,0,1978-05-02,0,below_detection
10,1978,5,16,10.9,0,0,1978-05-16,0,below_detection
11,1978,6,1,30.8,0,0,1978-06-01,0,below_detection
12,1978,6,13,21.8,0,0,1978-06-13,0,below_detection
13,1978,6,21,22,0,0,1978-06-21,0,below_detection
14,1978,7,5,16,0,0,1978-07-05,0,below_detection
15,1978,7,12,10.6,0,0,1978-07-12,0,below_detection
16,1978,7,24,10.8,0,0,1978-07-24,0,below_detection
17,1978,8,2,10.3,0,0,1978-08-02,0,below_detection
18,1978,8,9,64.5,1551,8643.41,1978-08-09,8643.4128,ok
19,1978,8,16,37.3,0,0,1978-08-16,0,below_detection
20,1978,8,25,48.8,538,2268.38,1978-08-25,2268.3801599999997,ok
21,1978,9,4,34.5,0,0,1978-09-04,0,below_detection
22,1978,9,13,38.7,0,0,1978-09-13,0,below_detection
23,1978,9,23,20.8,0,0,1978-09-23,0,below_detection
24,1978,9,30,17.1,0,0,1978-09-30,0,below_detection
25,1978,10,7,17.7,0,0,1978-10-07,0,below_detection
26,1978,10,14,62.3,608,3272.69,1978-10-14,3272.69376,ok
27,1978,10,20,42.4,0,0,1978-10-20,0,below_detection
28,1978,10,26,27,0,0,1978-10-26,0,below_detection
29,1978,11,8,19.7,0,0,1978-11-08,0,below_detection
30,1978,11,17,21.6,0,0,1978-11-17,0,below_detection
31,1978,11,29,19.5,0,0,1978-11-29,0,below_detection
32,1978,12,8,12.3,0,0,1978-12-08,0,below_detection
33,1978,12,28,12.5,0,0,1978-12-28,0,below_detection
1,1977,1,7,9.64,0,0,1977-01-07,0,below_detection
2,1977,1,25,8.98,0,0,1977-01-25,0,below_detection
3,1977,2,4,10.8,0,0,1977-02-04,0,below_detection
4,1977,2,25,8.32,0,0,1977-02-25,0,below_detection
5,1977,3,9,8.25,0,0,1977-03-09,0,below_detection
6,1977,3,22,6.88,0,0,1977-03-22,0,below_detection
7,1977,4,8,7.13,0,0,1977-04-08,0,below_detection
8,1977,4,20,6.66,0,0,1977-04-20,0,below_detection
9,1977,5,6,6.46,0,0,1977-05-06,0,below_detection
10,1977,5,16,7.38,24,15.3,1977-05-16,15.303168000000001,ok
11,1977,6,7,13.5,583,680.01,1977-06-07,680.0112,ok
12,1977,6,27,9.33,0,0,1977-06-27,0,below_detection
13,1977,7,12,5.97,0,0,1977-07-12,0,below_detection
14,1977,7,18,6.79,0,0,1977-07-18,0,below_detection
15,1977,7,28,47,505,2050.7,1977-07-28,2050.704,ok
16,1977,8,2,37.9,121,396.22,1977-08-02,396.22176,ok
17,1977,8,13,15.5,0,0,1977-08-13,0,below_detection
18,1977,8,17,14.9,0,0,1977-08-17,0,below_detection
19,1977,8,22,29.5,169,430.75,1977-08-22,430.7472,ok
20,1977,9,2,21.1,0,0,1977-09-02,0,below_detection
21,1977,9,9,14.1,0,0,1977-09-09,0,below_detection
22,1977,9,16,10.5,0,0,1977-09-16,0,below_detection
23,1977,9,24,275,13126,311873.76,1977-09-24,311873.76,ok
24,1977,10,1,61.9,233,1246.12,1977-10-01,1246.12128,ok
25,1977,10,8,35.8,0,0,1977-10-08,0,below_detection
26,1977,10,17,25.3,0,0,1977-10-17,0,below_detection
27,1977,10,24,22.2,0,0,1977-10-24,0,below_detection
28,1977,11,2,23.5,0,0,1977-11-02,0,below_detection
29,1977,11,23,25.5,0,0,1977-11-23,0,below_detection
30,1977,12,7,14.4,0,0,1977-12-07,0,below_detection
31,1977,12,23,13.1,0,0,1977-12-23,0,below_detection
1,1976,1,6,13.3,0,0,1976-01-06,0,below_detection
2,1976,1,20,12.4,0,0,1976-01-20,0,below_detection
3,1976,2,5,11.2,0,0,1976-02-05,0,below_detection
4,1976,2,20,9.58,0,0,1976-02-20,0,below_detection
5,1976,3,5,9.96,0,0,1976-03-05,0,below_detection
6,1976,3,16,7.96,0,0,1976-03-16,0,below_detection
7,1976,4,2,6.86,0,0,1976-04-02,0,below_detection
8,1976,4,16,7.35,0,0,1976-04-16,0,below_detection
9,1976,5,6,8.71,0,0,1976-05-06,0,below_detection
10,1976,5,20,9.01,0,0,1976-05-20,0,below_detection
11,1976,6,3,17.5,0,0,1976-06-03,0,below_detection
12,1976,6,17,14.4,0,0,1976-06-17,0,below_detection
13,1976,7,2,67.7,237,1386.28,1976-07-02,1386.2793600000002,ok
14,1976,7,12,35.9,24,74.44,1976-07-12,74.44224,ok
15,1976,7,26,16.7,0,0,1976-07-26,0,below_detection
16,1976,8,6,16,0,0,1976-08-06,0,below_detection
17,1976,8,13,15.4,0,0,1976-08-13,0,below_detection
18,1976,8,19,13.3,0,0,1976-08-19,0,below_detection
19,1976,8,27,26.2,107,242.21,1976-08-27,242.21376,ok
20,1976,9,6,18.2,0,0,1976-09-06,0,below_detection
21,1976,9,13,15.1,0,0,1976-09-13,0,below_detection
22,1976,9,20,26.8,0,0,1976-09-20,0,below_detection
23,1976,9,28,55.6,214,1028.02,1976-09-28,1028.02176,ok
24,1976,10,5,24.2,47,98.27,1976-10-05,98.27135999999999,ok
25,1976,10,15,18.4,0,0,1976-10-15,0,below_detection
26,1976,10,21,17.2,0,0,1976-10-21,0,below_detection
27,1976,10,29,14.1,0,0,1976-10-29,0,below_detection
28,1976,11,8,12.3,0,0,1976-11-08,0,below_detection
29,1976,11,22,12.9,0,0,1976-11-22,0,below_detection
30,1976,12,6,10.2,0,0,1976-12-06,0,below_detection
31,1976,12,20,6.56,0,0,1976-12-20,0,below_detection
1,1975,1,8,17.1,0,0,1975-01-08,0,below_detection
2,1975,1,20,17,0,0,1975-01-20,0,below_detection
3,1975,2,18,9.86,0,0,1975-02-18,0,below_detection
4,1975,3,5,10.9,0,0,1975-03-05,0,below_detection
5,1975,3,18,12.6,0,0,1975-03-18,0,below_detection
6,1975,4,7,10.3,0,0,1975-04-07,0,below_detection
7,1975,4,23,10.2,0,0,1975-04-23,0,below_detection
8,1975,5,2,9.47,0,0,1975-05-02,0,below_detection
9,1975,5,19,8.39,0,0,1975-05-19,0,below_detection
10,1975,6,3,9.06,0,0,1975-06-03,0,below_detection
11,1975,6,13,10.9,0,0,1975-06-13,0,below_detection
12,1975,6,23,12.4,0,0,1975-06-23,0,below_detection
13,1975,7,1,12.4,0,0,1975-07-01,0,below_detection
14,1975,7,14,11.5,0,0,1975-07-14,0,below_detection
15,1975,7,24,11.9,0,0,1975-07-24,0,below_detection
16,1975,8,1,8.03,0,0,1975-08-01,0,below_detection
17,1975,8,11,15.8,0,0,1975-08-11,0,below_detection
18,1975,8,18,23.7,0,0,1975-08-18,0,below_detection
19,1975,8,25,20.4,0,0,1975-08-25,0,below_detection
20,1975,9,2,13.1,0,0,1975-09-02,0,below_detection
21,1975,9,8,18.5,109,174.23,1975-09-08,174.22560000000001,ok
22,1975,9,16,16.9,113,165,1975-09-16,164.99808,ok
23,1975,9,28,83.5,1600,11543.04,1975-09-28,11543.04,ok
24,1975,10,3,37.5,761,2465.64,1975-10-03,2465.6400000000003,ok
25,1975,10,12,181,5760,90077.18,1975-10-12,90077.18400000001,ok
26,1975,10,13,148,5450,69690.24,1975-10-13,69690.24,ok
27,1975,10,20,106,1670,15294.53,1975-10-20,15294.528,ok
28,1975,10,29,39.3,155,526.31,1975-10-29,526.3056,ok
29,1975,11,3,31.8,0,0,1975-11-03,0,below_detection
30,1975,11,14,19.6,0,0,1975-11-14,0,below_detection
31,1975,11,24,17.8,0,0,1975-11-24,0,below_detection
32,1975,12,2,13.1,0,0,1975-12-02,0,below_detection
33,1975,12,24,16.2,0,0,1975-12-24,0,below_detection
1,1974,1,3,7.23,0,0,1974-01-03,0,below_detection
2,1974,1,14,7.87,0,0,1974-01-14,0,below_detection
3,1974,2,5,8.75,0,0,1974-02-05,0,below_detection
4,1974,2,18,6.42,0,0,1974-02-18,0,below_detection
5,1974,3,5,5.37,0,0,1974-03-05,0,below_detection
6,1974,3,18,6.73,0,0,1974-03-18,0,below_detection
7,1974,4,1,6.5,0,0,1974-04-01,0,below_detection
8,1974,4,17,6.89,0,0,1974-04-17,0,below_detection
9,1974,5,1,7.83,0,0,1974-05-01,0,below_detection
10,1974,5,20,6.09,0,0,1974-05-20,0,below_detection
11,1974,6,5,20.6,1250,2224.8,1974-06-05,2224.8,ok
12,1974,6,13,15.6,0,0,1974-06-13,0,below_detection
13,1974,6,24,17.3,307,458.88,1974-06-24,458.87904000000003,ok
14,1974,7,1,19.8,846,1447.27,1974-07-01,1447.26912,ok
15,1974,7,17,7.69,0,0,1974-07-17,0,below_detection
16,1974,7,25,9.47,0,0,1974-07-25,0,below_detection
17,1974,8,7,2.69,181,42.07,1974-08-07,42.067296,ok
18,1974,8,14,35,2540,7680.96,1974-08-14,7680.96,ok
19,1974,8,20,22,857,1628.99,1974-08-20,1628.9856,ok
20,1974,8,27,23.3,1020,2053.38,1974-08-27,2053.3824,ok
21,1974,9,2,19.6,644,1090.58,1974-09-02,1090.5753600000003,ok
22,1974,9,11,16.1,169,235.09,1974-09-11,235.08576000000002,ok
23,1974,9,16,12.2,0,0,1974-09-16,0,below_detection
24,1974,9,23,17.3,435,650.2,1974-09-23,650.2032,ok
25,1974,10,1,104,2040,18330.62,1974-10-01,18330.624,ok
26,1974,10,12,209,11900,214885.44,1974-10-12,214885.44,ok
27,1974,10,21,392,2070,70108.42,1974-10-21,70108.416,ok
28,1974,11,4,243,1700,35691.84,1974-11-04,35691.840000000004,ok
29,1974,11,22,45.4,0,0,1974-11-22,0,below_detection
30,1974,12,10,26.8,0,0,1974-12-10,0,below_detection
31,1974,12,20,34.9,0,0,1974-12-20,0,below_detection
1,1973,1,3,9.06,0,0,1973-01-03,0,below_detection
2,1973,1,16,7.93,0,0,1973-01-16,0,below_detection
3,1973,2,7,7.56,0,0,1973-02-07,0,below_detection
4,1973,2,19,7.01,0,0,1973-02-19,0,below_detection
5,1973,3,7,6.37,0,0,1973-03-07,0,below_detection
6,1973,3,16,6.37,0,0,1973-03-16,0,below_detection
7,1973,3,23,5.88,0,0,1973-03-23,0,below_detection
8,1973,4,5,5.6,0,0,1973-04-05,0,below_detection
9,1973,4,14,6.37,0,0,1973-04-14,0,below_detection
10,1973,4,23,5.36,0,0,1973-04-23,0,below_detection
11,1973,5,5,4.22,0,0,1973-05-05,0,below_detection
12,1973,5,25,3.71,0,0,1973-05-25,0,below_detection
13,1973,6,6,6.02,0,0,1973-06-06,0,below_detection
14,1973,6,11,8.4,0,0,1973-06-11,0,below_detection
15,1973,6,19,11.6,0,0,1973-06-19,0,below_detection
16,1973,7,6,19.4,0,0,1973-07-06,0,below_detection
17,1973,7,11,11.5,0,0,1973-07-11,0,below_detection
18,1973,7,18,11.8,0,0,1973-07-18,0,below_detection
19,1973,7,30,9.01,0,0,1973-07-30,0,below_detection
20,1973,8,8,8.89,0,0,1973-08-08,0,below_detection
21,1973,8,15,10.1,0,0,1973-08-15,0,below_detection
22,1973,8,23,302,1160,30267.65,1973-08-23,30267.648,ok
23,1973,8,29,76.7,241,1597.08,1973-08-29,1597.0780800000002,ok
24,1973,9,8,26.1,0,0,1973-09-08,0,below_detection
25,1973,9,14,22.7,0,0,1973-09-14,0,below_detection
26,1973,9,21,19.9,0,0,1973-09-21,0,below_detection
27,1973,9,26,18.7,0,0,1973-09-26,0,below_detection
28,1973,10,4,13.1,0,0,1973-10-04,0,below_detection
29,1973,10,9,2800,16585,4012243.2,1973-10-09,4012243.2,Q_extreme_check
30,1973,10,21,37.8,2980,9732.44,1973-10-21,9732.4416,ok
31,1973,10,26,41.9,2660,9629.63,1973-10-26,9629.625600000001,ok
32,1973,11,5,23.4,1120,2264.37,1973-11-05,2264.3712,ok
33,1973,11,23,15.6,0,0,1973-11-23,0,below_detection
34,1973,12,4,7.47,0,0,1973-12-04,0,below_detection
35,1973,12,19,10.5,0,0,1973-12-19,0,below_detection
1,1972,1,10,22.3,24,46.24,1972-01-10,46.24128,ok
2,1972,1,23,11.9,0,0,1972-01-23,0,below_detection
3,1972,2,6,10.9,0,0,1972-02-06,0,below_detection
4,1972,2,23,10.2,0,0,1972-02-23,0,below_detection
5,1972,3,2,11.3,0,0,1972-03-02,0,below_detection
6,1972,3,13,9.21,0,0,1972-03-13,0,below_detection
7,1972,3,22,8.44,0,0,1972-03-22,0,below_detection
8,1972,4,5,5.88,0,0,1972-04-05,0,below_detection
9,1972,4,18,6.23,0,0,1972-04-18,0,below_detection
10,1972,5,2,12.9,0,0,1972-05-02,0,below_detection
11,1972,5,16,12.9,0,0,1972-05-16,0,below_detection
12,1972,6,2,25,0,0,1972-06-02,0,below_detection
13,1972,6,19,20.3,0,0,1972-06-19,0,below_detection
14,1972,7,6,12.3,0,0,1972-07-06,0,below_detection
15,1972,7,13,10.8,0,0,1972-07-13,0,below_detection
16,1972,7,18,30.5,100,263.52,1972-07-18,263.52000000000004,ok
17,1972,7,26,19.7,0,0,1972-07-26,0,below_detection
18,1972,8,2,39.3,232,787.76,1972-08-02,787.76064,ok
19,1972,8,12,27.6,181,431.62,1972-08-12,431.61984000000007,ok
20,1972,8,16,25.4,0,0,1972-08-16,0,below_detection
21,1972,8,25,17.4,0,0,1972-08-25,0,below_detection
22,1972,9,7,12.7,0,0,1972-09-07,0,below_detection
23,1972,9,13,11.8,0,0,1972-09-13,0,below_detection
24,1972,9,20,11.8,0,0,1972-09-20,0,below_detection
25,1972,9,28,11.5,0,0,1972-09-28,0,below_detection
26,1972,10,7,11.2,0,0,1972-10-07,0,below_detection
27,1972,10,12,10.7,0,0,1972-10-12,0,below_detection
28,1972,10,19,10.6,0,0,1972-10-19,0,below_detection
29,1972,10,27,8.38,0,0,1972-10-27,0,below_detection
30,1972,11,7,8.86,0,0,1972-11-07,0,below_detection
31,1972,11,22,11.1,0,0,1972-11-22,0,below_detection
32,1972,12,4,10.5,0,0,1972-12-04,0,below_detection
33,1972,12,20,9.11,0,0,1972-12-20,0,below_detection
1,1971,1,4,13.1,0,0,1971-01-04,0,below_detection
2,1971,1,18,10.6,0,0,1971-01-18,0,below_detection
3,1971,2,4,13.2,0,0,1971-02-04,0,below_detection
4,1971,2,19,10.9,0,0,1971-02-19,0,below_detection
5,1971,3,5,11.2,0,0,1971-03-05,0,below_detection
6,1971,3,19,11.6,0,0,1971-03-19,0,below_detection
7,1971,4,5,8.33,0,0,1971-04-05,0,below_detection
8,1971,4,19,7.38,0,0,1971-04-19,0,below_detection
9,1971,5,3,6.2,0,0,1971-05-03,0,below_detection
10,1971,5,17,17,0,0,1971-05-17,0,below_detection
11,1971,6,3,12.8,0,0,1971-06-03,0,below_detection
12,1971,6,17,12.3,0,0,1971-06-17,0,below_detection
13,1971,7,2,8.12,0,0,1971-07-02,0,below_detection
14,1971,7,10,6.85,0,0,1971-07-10,0,below_detection
15,1971,7,16,6.76,0,0,1971-07-16,0,below_detection
16,1971,7,22,23.2,392,785.76,1971-07-22,785.75616,ok
17,1971,7,28,110,972,9237.89,1971-07-28,9237.888,ok
18,1971,8,7,24.2,89,186.09,1971-08-07,186.08831999999998,ok
19,1971,8,17,17.2,0,0,1971-08-17,0,below_detection
20,1971,8,24,13,0,0,1971-08-24,0,below_detection
21,1971,8,29,12.1,0,0,1971-08-29,0,below_detection
22,1971,9,9,10.5,0,0,1971-09-09,0,below_detection
23,1971,9,15,18.7,173,279.51,1971-09-15,279.51264000000003,ok
24,1971,9,21,36.5,124,391.05,1971-09-21,391.0464,ok
25,1971,9,28,28.7,195,483.54,1971-09-28,483.5376,ok
26,1971,10,4,21.5,0,0,1971-10-04,0,below_detection
27,1971,10,14,33,167,476.15,1971-10-14,476.15040000000005,ok
28,1971,10,21,19.3,28,46.69,1971-10-21,46.69056,ok
29,1971,10,28,14.6,0,0,1971-10-28,0,below_detection
30,1971,11,8,18,0,0,1971-11-08,0,below_detection
31,1971,11,23,15.3,49,64.77,1971-11-23,64.77408000000001,ok
32,1971,12,5,20.2,0,0,1971-12-05,0,below_detection
33,1971,12,17,13.8,0,0,1971-12-17,0,below_detection
1,1970,1,5,9.75,0,0,1970-01-05,0,below_detection
2,1970,1,16,15.9,39,53.58,1970-01-16,53.576640000000005,ok
3,1970,2,11,8.92,0,0,1970-02-11,0,below_detection
4,1970,2,23,8.03,0,0,1970-02-23,0,below_detection
5,1970,3,9,8.53,0,0,1970-03-09,0,below_detection
6,1970,3,19,9.03,0,0,1970-03-19,0,below_detection
7,1970,4,8,6.62,0,0,1970-04-08,0,below_detection
8,1970,4,24,6.88,0,0,1970-04-24,0,below_detection
9,1970,5,6,6.47,0,0,1970-05-06,0,below_detection
10,1970,5,20,6.38,0,0,1970-05-20,0,below_detection
11,1970,6,4,9.34,0,0,1970-06-04,0,below_detection
12,1970,6,16,23.6,106,216.14,1970-06-16,216.13824000000005,ok
13,1970,7,3,8.56,0,0,1970-07-03,0,below_detection
14,1970,7,8,8.18,0,0,1970-07-08,0,below_detection
15,1970,7,14,7.49,0,0,1970-07-14,0,below_detection
16,1970,7,25,10.5,0,0,1970-07-25,0,below_detection
17,1970,8,4,9.94,0,0,1970-08-04,0,below_detection
18,1970,8,11,7.48,0,0,1970-08-11,0,below_detection
19,1970,8,20,9.3,41,32.94,1970-08-20,32.944320000000005,ok
20,1970,8,28,10.21,0,0,1970-08-28,0,below_detection
21,1970,9,3,32.7,155,437.92,1970-09-03,437.9184,ok
22,1970,9,8,27,140,326.59,1970-09-08,326.59200000000004,ok
23,1970,9,20,15.3,0,0,1970-09-20,0,below_detection
24,1970,9,27,11.9,0,0,1970-09-27,0,below_detection
25,1970,10,2,64.1,427,2364.83,1970-10-02,2364.8284799999997,ok
26,1970,10,8,69.9,60,362.36,1970-10-08,362.3616,ok
27,1970,10,18,76.9,511,3395.17,1970-10-18,3395.1657600000003,ok
28,1970,10,27,28,888,2148.25,1970-10-27,2148.2496,ok
29,1970,11,3,21.6,0,0,1970-11-03,0,below_detection
30,1970,11,10,18.1,0,0,1970-11-10,0,below_detection
31,1970,11,18,16.6,0,0,1970-11-18,0,below_detection
32,1970,12,2,16.4,0,0,1970-12-02,0,below_detection
33,1970,12,19,15.1,0,0,1970-12-19,0,below_detection
1,1969,1,9,7.95,0,0,1969-01-09,0,below_detection
2,1969,1,27,6.09,0,0,1969-01-27,0,below_detection
3,1969,2,5,7.67,0,0,1969-02-05,0,below_detection
4,1969,2,22,5.96,0,0,1969-02-22,0,below_detection
5,1969,3,4,5.55,0,0,1969-03-04,0,below_detection
6,1969,3,22,5.68,0,0,1969-03-22,0,below_detection
7,1969,4,5,6.35,0,0,1969-04-05,0,below_detection
8,1969,4,24,5.3,0,0,1969-04-24,0,below_detection
9,1969,5,8,7.29,0,0,1969-05-08,0,below_detection
10,1969,5,22,4.8,0,0,1969-05-22,0,below_detection
11,1969,6,9,7.94,0,0,1969-06-09,0,below_detection
12,1969,6,18,12.5,0,0,1969-06-18,0,below_detection
13,1969,7,8,7.36,0,0,1969-07-08,0,below_detection
14,1969,7,13,7.02,0,0,1969-07-13,0,below_detection
15,1969,7,20,7.03,0,0,1969-07-20,0,below_detection
16,1969,7,30,91.9,349,2771.12,1969-07-30,2771.1158400000004,ok
17,1969,8,5,35.4,63,192.69,1969-08-05,192.68928,ok
18,1969,8,9,28.9,51,127.34,1969-08-09,127.34496,ok
19,1969,8,17,18.5,0,0,1969-08-17,0,below_detection
20,1969,8,28,12.2,0,0,1969-08-28,0,below_detection
21,1969,9,2,11,0,0,1969-09-02,0,below_detection
22,1969,9,12,167,233,3361.91,1969-09-12,3361.9104,ok
23,1969,9,18,126,103,1121.3,1969-09-18,1121.2992000000002,ok
24,1969,9,28,67.3,29,168.63,1969-09-28,168.62688,ok
25,1969,10,5,140,125,1512,1969-10-05,1512,ok
26,1969,10,11,52.4,37,167.51,1969-10-11,167.51232000000002,ok
27,1969,10,19,26.8,0,0,1969-10-19,0,below_detection
28,1969,10,25,19.1,0,0,1969-10-25,0,below_detection
29,1969,11,5,14.4,0,0,1969-11-05,0,below_detection
30,1969,11,21,14.1,0,0,1969-11-21,0,below_detection
31,1969,12,5,11.3,0,0,1969-12-05,0,below_detection
32,1969,12,22,10.5,0,0,1969-12-22,0,below_detection
1,1968,1,4,13.8,0,0,1968-01-04,0,below_detection
2,1968,1,24,11,0,0,1968-01-24,0,below_detection
3,1968,2,6,11.2,0,0,1968-02-06,0,below_detection
4,1968,2,20,17.9,0,0,1968-02-20,0,below_detection
5,1968,3,4,18.9,0,0,1968-03-04,0,below_detection
6,1968,3,18,10.9,0,0,1968-03-18,0,below_detection
7,1968,4,8,11.8,0,0,1968-04-08,0,below_detection
8,1968,4,22,11.1,0,0,1968-04-22,0,below_detection
9,1968,5,5,8.55,0,0,1968-05-05,0,below_detection
10,1968,5,27,9.09,0,0,1968-05-27,0,below_detection
11,1968,6,7,14.6,0,0,1968-06-07,0,below_detection
12,1968,6,27,11.2,0,0,1968-06-27,0,below_detection
13,1968,7,5,10.3,0,0,1968-07-05,0,below_detection
14,1968,7,15,9.6,0,0,1968-07-15,0,below_detection
15,1968,7,22,8.38,0,0,1968-07-22,0,below_detection
16,1968,7,28,165,2572,36666.43,1968-07-28,36666.432,ok
17,1968,8,8,38.2,0,0,1968-08-08,0,below_detection
18,1968,8,16,20.9,0,0,1968-08-16,0,below_detection
19,1968,8,20,35.9,0,0,1968-08-20,0,below_detection
20,1968,8,27,26.7,0,0,1968-08-27,0,below_detection
21,1968,9,7,264,793,18088.01,1968-09-07,18088.0128,ok
22,1968,9,12,65,0,0,1968-09-12,0,below_detection
23,1968,9,23,24.7,0,0,1968-09-23,0,below_detection
24,1968,9,27,21.7,0,0,1968-09-27,0,below_detection
25,1968,10,5,130,106,1190.59,1968-10-05,1190.592,ok
26,1968,10,10,55.5,0,0,1968-10-10,0,below_detection
27,1968,10,18,50.7,0,0,1968-10-18,0,below_detection
28,1968,10,26,27.7,0,0,1968-10-26,0,below_detection
29,1968,11,16,14.7,0,0,1968-11-16,0,below_detection
30,1968,11,29,10.5,0,0,1968-11-29,0,below_detection
31,1968,12,9,9.79,0,0,1968-12-09,0,below_detection
32,1968,12,19,9.08,0,0,1968-12-19,0,below_detection
1,1967,1,5,8.97,0,0,1967-01-05,0,below_detection
2,1967,1,23,8.41,0,0,1967-01-23,0,below_detection
3,1967,2,3,9.96,0,0,1967-02-03,0,below_detection
4,1967,2,19,7.16,0,0,1967-02-19,0,below_detection
5,1967,3,8,7.92,0,0,1967-03-08,0,below_detection
6,1967,3,26,6.82,0,0,1967-03-26,0,below_detection
7,1967,4,6,6.15,0,0,1967-04-06,0,below_detection
8,1967,4,23,14.3,0,0,1967-04-23,0,below_detection
9,1967,5,4,9.58,0,0,1967-05-04,0,below_detection
10,1967,5,25,16.7,0,0,1967-05-25,0,below_detection
11,1967,6,4,16.5,207,295.1,1967-06-04,295.0992,ok
12,1967,6,14,32.3,0,0,1967-06-14,0,below_detection
13,1967,7,6,9.11,0,0,1967-07-06,0,below_detection
14,1967,7,29,6.95,0,0,1967-07-29,0,below_detection
15,1967,8,3,6.6,0,0,1967-08-03,0,below_detection
16,1967,8,12,6.65,0,0,1967-08-12,0,below_detection
17,1967,8,21,29.9,0,0,1967-08-21,0,below_detection
18,1967,8,27,12.5,0,0,1967-08-27,0,below_detection
19,1967,9,5,18.4,0,0,1967-09-05,0,below_detection
20,1967,9,13,13.4,0,0,1967-09-13,0,below_detection
21,1967,9,21,11.8,0,0,1967-09-21,0,below_detection
22,1967,9,27,12.6,0,0,1967-09-27,0,below_detection
23,1967,10,7,13.7,0,0,1967-10-07,0,below_detection
24,1967,10,12,10.8,0,0,1967-10-12,0,below_detection
25,1967,10,20,165,758,10806.05,1967-10-20,10806.048,ok
26,1967,10,26,57.4,0,0,1967-10-26,0,below_detection
27,1967,11,4,25.8,0,0,1967-11-04,0,below_detection
28,1967,11,20,82.7,0,0,1967-11-20,0,below_detection
29,1967,12,4,23.3,0,0,1967-12-04,0,below_detection
30,1967,12,25,14.6,0,0,1967-12-25,0,below_detection
1,1966,1,14,7.17,0,0,1966-01-14,0,below_detection
2,1966,1,26,7.66,0,0,1966-01-26,0,below_detection
3,1966,2,7,6.41,0,0,1966-02-07,0,below_detection
4,1966,3,4,5.94,0,0,1966-03-04,0,below_detection
5,1966,3,22,6.09,0,0,1966-03-22,0,below_detection
6,1966,4,3,7.03,0,0,1966-04-03,0,below_detection
7,1966,4,22,7.09,0,0,1966-04-22,0,below_detection
8,1966,5,5,8.04,0,0,1966-05-05,0,below_detection
9,1966,5,26,8.33,0,0,1966-05-26,0,below_detection
10,1966,6,15,27.8,0,0,1966-06-15,0,below_detection
11,1966,7,3,13.2,0,0,1966-07-03,0,below_detection
12,1966,7,13,13.2,0,0,1966-07-13,0,below_detection
13,1966,7,26,9.7,0,0,1966-07-26,0,below_detection
14,1966,8,3,9.29,0,0,1966-08-03,0,below_detection
15,1966,8,10,8.79,0,0,1966-08-10,0,below_detection
16,1966,8,17,7.69,0,0,1966-08-17,0,below_detection
17,1966,8,25,8.76,0,0,1966-08-25,0,below_detection
18,1966,9,6,8.09,0,0,1966-09-06,0,below_detection
19,1966,9,11,19,0,0,1966-09-11,0,below_detection
20,1966,9,21,37.2,0,0,1966-09-21,0,below_detection
21,1966,9,27,21.6,0,0,1966-09-27,0,below_detection
22,1966,10,5,15,0,0,1966-10-05,0,below_detection
23,1966,10,17,11,0,0,1966-10-17,0,below_detection
24,1966,10,20,10.5,0,0,1966-10-20,0,below_detection
25,1966,10,27,9.51,0,0,1966-10-27,0,below_detection
26,1966,11,3,9.26,0,0,1966-11-03,0,below_detection
27,1966,11,14,9.17,0,0,1966-11-14,0,below_detection
28,1966,11,25,9.18,0,0,1966-11-25,0,below_detection
29,1966,12,7,9.33,0,0,1966-12-07,0,below_detection
30,1966,12,22,8.22,0,0,1966-12-22,0,below_detection
1,1965,1,10,12.9,0,0,1965-01-10,0,below_detection
2,1965,1,25,9.92,0,0,1965-01-25,0,below_detection
3,1965,2,14,8.06,0,0,1965-02-14,0,below_detection
4,1965,2,23,7.88,0,0,1965-02-23,0,below_detection
5,1965,3,10,11.1,0,0,1965-03-10,0,below_detection
6,1965,3,26,6.47,0,0,1965-03-26,0,below_detection
7,1965,4,10,5.42,0,0,1965-04-10,0,below_detection
8,1965,4,25,6.99,0,0,1965-04-25,0,below_detection
9,1965,5,11,8.45,0,0,1965-05-11,0,below_detection
10,1965,5,28,11.4,0,0,1965-05-28,0,below_detection
11,1965,6,7,14.7,0,0,1965-06-07,0,below_detection
12,1965,6,18,10.9,0,0,1965-06-18,0,below_detection
13,1965,7,3,18.4,0,0,1965-07-03,0,below_detection
14,1965,7,11,14.5,0,0,1965-07-11,0,below_detection
15,1965,7,15,256,5617,124239.05,1965-07-15,124239.0528,ok
16,1965,8,3,36.6,0,0,1965-08-03,0,below_detection
17,1965,8,13,20.2,0,0,1965-08-13,0,below_detection
18,1965,8,19,25.7,0,0,1965-08-19,0,below_detection
19,1965,8,25,16.4,0,0,1965-08-25,0,below_detection
20,1965,8,26,18,0,0,1965-08-26,0,below_detection
21,1965,8,27,17.7,0,0,1965-08-27,0,below_detection
22,1965,8,28,21.2,0,0,1965-08-28,0,below_detection
23,1965,9,3,14,0,0,1965-09-03,0,below_detection
24,1965,9,9,13,0,0,1965-09-09,0,below_detection
25,1965,9,16,11.4,0,0,1965-09-16,0,below_detection
26,1965,9,23,10.2,0,0,1965-09-23,0,below_detection
27,1965,10,5,15.8,0,0,1965-10-05,0,below_detection
28,1965,10,12,16.4,0,0,1965-10-12,0,below_detection
29,1965,10,19,12.8,0,0,1965-10-19,0,below_detection
30,1965,11,3,9.32,0,0,1965-11-03,0,below_detection
31,1965,11,18,21.7,0,0,1965-11-18,0,below_detection
32,1965,11,27,20.2,0,0,1965-11-27,0,below_detection
33,1965,12,7,13.7,0,0,1965-12-07,0,below_detection
34,1965,12,23,9.73,0,0,1965-12-23,0,below_detection
1,1964,1,13,6.87,0,0,1964-01-13,0,below_detection
2,1964,1,28,11.7,0,0,1964-01-28,0,below_detection
3,1964,2,10,9.14,0,0,1964-02-10,0,below_detection
4,1964,2,26,7.36,0,0,1964-02-26,0,below_detection
5,1964,3,11,6.62,0,0,1964-03-11,0,below_detection
6,1964,3,27,5.84,0,0,1964-03-27,0,below_detection
7,1964,4,15,5.23,0,0,1964-04-15,0,below_detection
8,1964,4,25,5.86,0,0,1964-04-25,0,below_detection
9,1964,5,18,10.4,0,0,1964-05-18,0,below_detection
10,1964,5,25,8.65,0,0,1964-05-25,0,below_detection
11,1964,6,8,18.4,0,0,1964-06-08,0,below_detection
12,1964,7,8,7.71,0,0,1964-07-08,0,below_detection
13,1964,7,15,7,0,0,1964-07-15,0,below_detection
14,1964,7,22,6.8,0,0,1964-07-22,0,below_detection
15,1964,7,29,7.44,0,0,1964-07-29,0,below_detection
16,1964,8,5,8.8,0,0,1964-08-05,0,below_detection
17,1964,8,12,56.6,143,699.3,1964-08-12,699.3043200000001,ok
18,1964,8,19,40.7,0,0,1964-08-19,0,below_detection
19,1964,8,26,29.5,0,0,1964-08-26,0,below_detection
20,1964,9,3,22.9,0,0,1964-09-03,0,below_detection
21,1964,9,11,20.6,0,0,1964-09-11,0,below_detection
22,1964,9,16,29.8,0,0,1964-09-16,0,below_detection
23,1964,9,23,42.2,0,0,1964-09-23,0,below_detection
24,1964,9,29,38,0,0,1964-09-29,0,below_detection
25,1964,10,8,27.7,0,0,1964-10-08,0,below_detection
26,1964,10,14,89.1,117,900.69,1964-10-14,900.69408,ok
27,1964,10,19,45.8,0,0,1964-10-19,0,below_detection
28,1964,10,25,54,0,0,1964-10-25,0,below_detection
29,1964,11,13,25.6,0,0,1964-11-13,0,below_detection
30,1964,11,26,15.1,0,0,1964-11-26,0,below_detection
31,1964,12,13,12.3,0,0,1964-12-13,0,below_detection
32,1964,12,23,11.5,0,0,1964-12-23,0,below_detection
1,1963,1,12,7.74,0,0,1963-01-12,0,below_detection
2,1963,1,19,6.44,0,0,1963-01-19,0,below_detection
3,1963,2,10,6.06,0,0,1963-02-10,0,below_detection
4,1963,2,21,7.15,0,0,1963-02-21,0,below_detection
5,1963,3,11,5.92,0,0,1963-03-11,0,below_detection
6,1963,3,24,6.47,0,0,1963-03-24,0,below_detection
7,1963,4,9,5.51,0,0,1963-04-09,0,below_detection
8,1963,4,24,4.02,0,0,1963-04-24,0,below_detection
9,1963,5,11,3.71,0,0,1963-05-11,0,below_detection
10,1963,5,25,3.52,0,0,1963-05-25,0,below_detection
11,1963,6,8,3.73,0,0,1963-06-08,0,below_detection
12,1963,6,28,5.43,0,0,1963-06-28,0,below_detection
13,1963,7,6,13.4,0,0,1963-07-06,0,below_detection
14,1963,7,13,9.1,0,0,1963-07-13,0,below_detection
15,1963,7,21,21.8,0,0,1963-07-21,0,below_detection
16,1963,7,26,13.3,0,0,1963-07-26,0,below_detection
17,1963,8,8,10,0,0,1963-08-08,0,below_detection
18,1963,8,15,8.35,0,0,1963-08-15,0,below_detection
19,1963,8,24,7.05,0,0,1963-08-24,0,below_detection
20,1963,8,29,6.62,0,0,1963-08-29,0,below_detection
21,1963,9,18,26.4,0,0,1963-09-18,0,below_detection
22,1963,9,23,18.5,0,0,1963-09-23,0,below_detection
23,1963,9,26,18,0,0,1963-09-26,0,below_detection
24,1963,9,30,19.6,0,0,1963-09-30,0,below_detection
25,1963,10,6,16.3,0,0,1963-10-06,0,below_detection
26,1963,10,13,14.1,0,0,1963-10-13,0,below_detection
27,1963,10,21,12.9,0,0,1963-10-21,0,below_detection
28,1963,10,28,9.99,0,0,1963-10-28,0,below_detection
29,1963,11,5,9.41,0,0,1963-11-05,0,below_detection
30,1963,11,22,8.43,0,0,1963-11-22,0,below_detection
31,1963,12,11,12,0,0,1963-12-11,0,below_detection
32,1963,12,23,12.4,0,0,1963-12-23,0,below_detection
1,1962,10,3,601,6159,319814.7,1962-10-03,319814.6976,ok
2,1962,10,4,148,3040,38873.09,1962-10-04,38873.088,ok
3,1962,12,11,9.43,0,0,1962-12-11,0,below_detection
4,1962,12,25,7.73,0,0,1962-12-25,0,below_detection
1,1961,1,7,8.98,0,0,1961-01-07,0,below_detection
2,1961,1,20,8.29,0,0,1961-01-20,0,below_detection
3,1961,1,26,8.02,0,0,1961-01-26,0,below_detection
4,1961,2,6,6.08,0,0,1961-02-06,0,below_detection
5,1961,2,10,5.58,0,0,1961-02-10,0,below_detection
6,1961,2,26,11.7,0,0,1961-02-26,0,below_detection
7,1961,3,6,7.48,0,0,1961-03-06,0,below_detection
8,1961,3,17,7.41,0,0,1961-03-17,0,below_detection
9,1961,3,28,9.31,0,0,1961-03-28,0,below_detection
10,1961,4,3,7.3,0,0,1961-04-03,0,below_detection
11,1961,4,16,5.84,0,0,1961-04-16,0,below_detection
12,1961,4,27,6.57,0,0,1961-04-27,0,below_detection
13,1961,5,3,5.99,0,0,1961-05-03,0,below_detection
14,1961,5,18,9.84,0,0,1961-05-18,0,below_detection
15,1961,6,5,26.4,0,0,1961-06-05,0,below_detection
16,1961,6,13,14.4,30,37.32,1961-06-13,37.3248,ok
17,1961,7,10,8.27,0,0,1961-07-10,0,below_detection
18,1961,7,29,23.5,105,213.19,1961-07-29,213.192,ok
19,1961,8,20,26.4,0,0,1961-08-20,0,below_detection
20,1961,8,24,21.5,0,0,1961-08-24,0,below_detection
21,1961,9,7,32.7,0,0,1961-09-07,0,below_detection
22,1961,9,12,38.8,0,0,1961-09-12,0,below_detection
23,1961,9,25,29.9,0,0,1961-09-25,0,below_detection
24,1961,10,12,26.5,0,0,1961-10-12,0,below_detection
25,1961,10,24,15.6,0,0,1961-10-24,0,below_detection
26,1961,11,10,10.2,0,0,1961-11-10,0,below_detection
27,1961,11,16,8.82,0,0,1961-11-16,0,below_detection
28,1961,11,27,11.2,0,0,1961-11-27,0,below_detection
29,1961,12,5,9.85,0,0,1961-12-05,0,below_detection
30,1961,12,15,8.67,0,0,1961-12-15,0,below_detection
31,1961,12,28,9.16,0,0,1961-12-28,0,below_detection
1,1960,1,13,12,0,0,1960-01-13,0,below_detection
2,1960,1,22,11.1,0,0,1960-01-22,0,below_detection
3,1960,2,7,10.1,0,0,1960-02-07,0,below_detection
4,1960,2,20,11.2,0,0,1960-02-20,0,below_detection
5,1960,3,8,7.14,0,0,1960-03-08,0,below_detection
6,1960,3,15,6.69,0,0,1960-03-15,0,below_detection
7,1960,4,8,7.67,0,0,1960-04-08,0,below_detection
8,1960,4,20,6.45,0,0,1960-04-20,0,below_detection
9,1960,5,5,5.94,0,0,1960-05-05,0,below_detection
10,1960,5,26,11.9,0,0,1960-05-26,0,below_detection
11,1960,6,5,10.4,0,0,1960-06-05,0,below_detection
12,1960,6,15,22.9,0,0,1960-06-15,0,below_detection
13,1960,6,28,12.7,0,0,1960-06-28,0,below_detection
14,1960,7,9,9.2,0,0,1960-07-09,0,below_detection
15,1960,7,27,9.59,0,0,1960-07-27,0,below_detection
16,1960,7,31,8.83,0,0,1960-07-31,0,below_detection
17,1960,8,1,21.8,2920,5499.88,1960-08-01,5499.8784000000005,ok
18,1960,8,2,27.9,150,361.58,1960-08-02,361.584,ok
19,1960,8,15,33.3,0,0,1960-08-15,0,below_detection
20,1960,8,25,42.1,41,149.14,1960-08-25,149.13504000000003,ok
21,1960,9,12,17.2,0,0,1960-09-12,0,below_detection
22,1960,9,23,49.6,188,805.66,1960-09-23,805.6627200000001,ok
23,1960,10,9,53.9,322,1499.54,1960-10-09,1499.54112,ok
24,1960,10,18,42.6,0,0,1960-10-18,0,below_detection
25,1960,10,28,19.4,0,0,1960-10-28,0,below_detection
26,1960,11,16,12.4,0,0,1960-11-16,0,below_detection
27,1960,11,21,12,0,0,1960-11-21,0,below_detection
28,1960,11,29,10.6,0,0,1960-11-29,0,below_detection
29,1960,12,16,9.57,0,0,1960-12-16,0,below_detection
30,1960,12,27,8.05,0,0,1960-12-27,0,below_detection
31,1960,12,29,9.67,0,0,1960-12-29,0,below_detection
1,1959,1,14,10.2,0,0,1959-01-14,0,below_detection
2,1959,1,23,10.3,0,0,1959-01-23,0,below_detection
3,1959,2,4,8.75,0,0,1959-02-04,0,below_detection
4,1959,3,5,7.71,0,0,1959-03-05,0,below_detection
5,1959,3,23,7.51,0,0,1959-03-23,0,below_detection
6,1959,4,8,5.97,0,0,1959-04-08,0,below_detection
7,1959,4,22,5.42,0,0,1959-04-22,0,below_detection
8,1959,5,4,8.61,0,0,1959-05-04,0,below_detection
9,1959,5,14,31.2,0,0,1959-05-14,0,below_detection
10,1959,5,24,16.8,0,0,1959-05-24,0,below_detection
11,1959,6,14,10.8,0,0,1959-06-14,0,below_detection
12,1959,6,20,8.1,0,0,1959-06-20,0,below_detection
13,1959,6,27,7.35,0,0,1959-06-27,0,below_detection
14,1959,7,8,7.45,0,0,1959-07-08,0,below_detection
15,1959,7,15,6.45,0,0,1959-07-15,0,below_detection
16,1959,7,25,7.51,0,0,1959-07-25,0,below_detection
17,1959,8,7,6.26,0,0,1959-08-07,0,below_detection
18,1959,8,21,13.7,0,0,1959-08-21,0,below_detection
19,1959,9,15,37.2,202,649.24,1959-09-15,649.2441600000001,ok
20,1959,10,20,12.7,0,0,1959-10-20,0,below_detection
21,1959,11,5,9.61,0,0,1959-11-05,0,below_detection
22,1959,11,27,29.4,187,475.01,1959-11-27,475.00992,ok
23,1959,12,8,18,0,0,1959-12-08,0,below_detection
24,1959,12,19,14.9,0,0,1959-12-19,0,below_detection
